Top queries,Clicks,Impressions,CTR,Position
leather company,3235,31463,10.28%,2.34
leather jacket women,1348,97175,1.39%,8.45
the leather company,1149,10810,10.63%,3.26
leather backpack,926,57239,1.62%,10.5
marta ponti bags,913,4851,18.82%,1.8
mens leather jackets,795,59628,1.33%,9.37
mens leather gloves,790,35068,2.25%,5.95
trapper leather jacket,734,2895,25.35%,1.18
leather handbags,720,36355,1.98%,15.9
ladies leather jacket,581,27640,2.1%,8.17
marta ponti,544,4388,12.4%,3.53
sheepskin coat,525,48477,1.08%,8.54
womens leather jackets,500,33548,1.49%,7.26
leather handbags for women,424,19187,2.21%,16.61
leather backpack for women,417,22151,1.88%,18.68
leather jacket,416,52232,0.8%,28.3
leather jackets,411,47363,0.87%,14.37
leather jackets for women,398,19092,2.08%,13.03
leather jacket mens,381,30285,1.26%,13.77
leather holdall,370,12611,2.93%,3.68
red leather jacket,366,66557,0.55%,10.1
brown leather jacket,349,67929,0.51%,8.48
ashwood leather,348,20351,1.71%,4.71
leather rucksack,344,14649,2.35%,6.57
leather jacket men,343,32664,1.05%,16.46
leather gloves men,339,19424,1.75%,7.62
sheepskin coat women,324,8822,3.67%,7.8
leather jackets for men,287,18277,1.57%,17.04
trapper jacket,278,1917,14.5%,1.77
ashwood leather jacket,274,1862,14.72%,1.03
leather handbags uk,248,3998,6.2%,2.56
sheepskin jacket,245,18976,1.29%,12.11
shearling jacket mens,239,11829,2.02%,11.56
ashwood leather gloves,224,821,27.28%,1.1
leather biker jacket women,223,12292,1.81%,9.31
leather jacket men's,218,13143,1.66%,8.23
real leather jacket,209,17133,1.22%,13.18
mens leather jacket,205,25849,0.79%,11.72
mens leather jackets uk,204,6134,3.33%,3.53
the leather company uk,203,1235,16.44%,1.29
real leather jacket women,199,3998,4.98%,4.65
red leather jacket mens,195,7542,2.59%,11.23
leather wash bag,194,8565,2.27%,8.22
bugatti leather jacket,191,2150,8.88%,6.51
leather trench coat,190,17859,1.06%,11.29
leather holdall mens,188,5746,3.27%,4.15
leather bags for women,186,19383,0.96%,19.75
mens sheepskin coat,184,11171,1.65%,8.9
mens leather backpack,175,13644,1.28%,16.55
mens leather holdall,175,8340,2.1%,4.24
full grain leather jacket,174,4458,3.9%,10.62
ladies leather jackets,165,8585,1.92%,10.76
mens leather gloves uk,161,4909,3.28%,4.02
london leather company,161,1557,10.34%,1.83
black leather jacket,156,42316,0.37%,9.41
leather backpack men,156,5781,2.7%,9.52
burgundy leather jacket,155,15542,1%,5.74
mens shearling jacket,155,10608,1.46%,11.81
leather travel bag,154,9993,1.54%,14.91
leather waistcoat,143,15040,0.95%,3.89
mens brown leather jacket,142,10440,1.36%,13.89
ladies leather handbags,142,6371,2.23%,14.7
monomoi,140,634,22.08%,1.39
leather bags,139,18822,0.74%,28.8
mens leather wash bag,138,7217,1.91%,7.16
ashwood,135,16809,0.8%,7.4
leather handbag,134,13624,0.98%,13.44
leather company uk,134,1091,12.28%,1.12
leather backpacks,131,8915,1.47%,11.14
sheepskin jacket mens,131,7345,1.78%,10.92
leather bags uk,131,3193,4.1%,2.96
ashwood gloves,128,558,22.94%,1.11
ashwood leather bag,127,8081,1.57%,4.94
long leather coat,126,11635,1.08%,8.89
men leather jacket,124,11814,1.05%,14.71
red leather gloves,124,6448,1.92%,8.03
ladies sheepskin coat,124,3045,4.07%,3.25
leather trench coat womens,121,6771,1.79%,7.49
ashwood wallet,121,1020,11.86%,1.6
sheepskin coat mens,120,5926,2.02%,8.53
ashwood handbags,118,5806,2.03%,4.74
leather jacket for men,115,13862,0.83%,31.85
shearling coat womens,115,6118,1.88%,8.48
ashwood bags,115,4950,2.32%,3.69
women leather jacket,111,10413,1.07%,15.71
leather jackets uk,111,2914,3.81%,5.18
ashwood leather wallet,110,1097,10.03%,1.44
women's leather jacket,109,9104,1.2%,22.93
brown leather jacket mens,109,8447,1.29%,12.88
mens sheepskin jacket,109,4496,2.42%,11.03
leather purse for women,108,5596,1.93%,24.43
leather man bag,107,8572,1.25%,10.2
brown leather backpack,107,7353,1.46%,11.61
marta ponti handbags,107,427,25.06%,1.72
leather biker jacket,106,20384,0.52%,12.41
leather products,106,5908,1.79%,18.14
sheepskin jacket women's,106,3001,3.53%,4.75
lether company,105,1964,5.35%,1.46
leather gloves,102,17985,0.57%,22.61
mens leather coats 3/4 length,102,1489,6.85%,5.62
leather shop solihull,102,394,25.89%,1.05
womens leather jacket,101,17248,0.59%,14.55
leathercompany,101,372,27.15%,1.14
green leather jacket,100,20713,0.48%,9.16
fenland slippers,99,2894,3.42%,2.91
womens sheepskin coat,99,2337,4.24%,10.93
ladies leather backpack,98,6775,1.45%,17.08
sheepskin coats,98,5766,1.7%,10.68
leather rucksack mens,98,3373,2.91%,4.97
leather waistcoat mens,98,2859,3.43%,3.74
marta ponti bags price,98,677,14.48%,1.8
leather shoulder bag,96,13061,0.74%,15.5
leather rucksack womens,95,6333,1.5%,13.99
genuine leather bags for ladies,95,1916,4.96%,8.07
gabicci leather jacket,95,627,15.15%,1.86
leather jackets women,94,5054,1.86%,8.44
leather bag for men,93,6757,1.38%,17.31
leather gloves for men,93,5991,1.55%,11
womens leather biker jacket,87,5621,1.55%,11.68
leather jacket uk,87,3836,2.27%,5.01
tan leather jacket,86,9344,0.92%,9.62
shearling jacket women,85,7538,1.13%,11.39
ladies leather jackets uk,85,3969,2.14%,4.56
ladies leather backpack sale,85,1993,4.26%,5.31
ashwood luxury leather jacket,84,362,23.2%,1
leather bags for men,83,14047,0.59%,31.12
blue leather jacket,81,10998,0.74%,10.54
men's leather gloves,81,3918,2.07%,9.04
ladies leather biker jacket,80,4498,1.78%,7.44
sheepskin coat men's,80,2403,3.33%,5.63
leather company solihull,80,362,22.1%,1.04
mens red leather jacket,79,5358,1.47%,14.99
real sheepskin coat womens,79,1021,7.74%,2.33
sheepskin fingerless gloves,78,1771,4.4%,4.06
mens leather bag,77,8430,0.91%,19.51
brown leather jacket womens,77,8031,0.96%,10.37
sienna de luca,76,364,20.88%,3.1
men's leather jacket,75,6774,1.11%,14.69
full length leather coat womens,73,1309,5.58%,3.55
leather purse,71,10716,0.66%,30.22
womens leather jackets uk,70,3728,1.88%,4.66
sheepskin coats womens,70,1544,4.53%,5.7
leather company london,70,313,22.36%,1.05
ashwood fine leather gloves,70,266,26.32%,1
leathercompany.co.uk,70,108,64.81%,1
leather bomber jacket,69,30397,0.23%,11.83
man bag leather,69,6277,1.1%,15.79
leather blazer men,69,6194,1.11%,23.94
mens shearling coat,68,2967,2.29%,13.21
mens leather wallet,67,7018,0.95%,41.37
mens black leather gloves,67,5470,1.22%,15.38
red leather jacket men,67,4123,1.63%,13.29
sheepskin jackets,67,3533,1.9%,14.55
leather shop,67,3171,2.11%,11.99
cream leather jacket,66,7902,0.84%,12.9
trapper leather jacket price,65,210,30.95%,1.01
leather,64,44766,0.14%,21.36
grey leather jacket,64,12613,0.51%,6.4
womens leather backpack,64,9254,0.69%,30.55
mens leather rucksack,64,3694,1.73%,9.1
real leather jacket mens,64,3030,2.11%,12.93
genuine leather handbags uk,64,1041,6.15%,2.74
marta ponti bag,64,220,29.09%,1.59
leather backpacks for women,63,3345,1.88%,23.99
leather gilet mens,63,1892,3.33%,2.43
leather bag,62,18393,0.34%,42.42
mens leather washbag,62,2658,2.33%,3.48
mens leather bags uk,62,1073,5.78%,3.64
sienna de luca bag,62,282,21.99%,2.47
brown leather jacket men,61,5676,1.07%,20.98
men's leather jackets,61,4538,1.34%,12.49
leather document holder,61,4165,1.46%,9.13
sheepskin flying jacket,61,4001,1.52%,7.53
leather backpack uk,61,865,7.05%,4.57
leather cross body bag uk,60,2717,2.21%,8.57
trapper original leather wear,60,200,30%,2.48
leather jacket for women,59,9213,0.64%,23.61
shearling coat mens,59,4966,1.19%,22.64
the leather company solihull,59,135,43.7%,1.01
burgundy bag,58,18870,0.31%,8.79
leather back pack,57,3618,1.58%,7.46
leather washbag,57,2708,2.1%,5.01
leather wash bag mens,57,2256,2.53%,5.62
womens sheepskin jacket,57,1199,4.75%,5.35
ladies leather handbags uk,57,1018,5.6%,1.72
leather gun slip,57,940,6.06%,12.85
leather luggage,56,6270,0.89%,30.09
leather wallet for men,56,5074,1.1%,31.12
leather jackets men,56,4452,1.26%,12.43
real leather trench coat,56,1066,5.25%,3.87
navy leather jacket,55,5122,1.07%,11.69
mens leather blazer,55,4678,1.18%,27.97
leather gilet womens,55,4136,1.33%,2.72
mens leather toiletry bag,55,3802,1.45%,24.88
mens wallet with zip coin pocket,55,3538,1.55%,9.34
leather toiletry bag,55,2889,1.9%,7.39
ladies sheepskin jacket,55,1215,4.53%,3.04
marta ponti wallet,55,587,9.37%,4.98
red leather jacket women,54,4914,1.1%,9.79
shearling jacket men,54,3270,1.65%,11.4
white leather jacket men,54,2195,2.46%,10.19
russian hat,53,59621,0.09%,4.94
leather jacket womens,53,7007,0.76%,13.05
mens tan leather jacket,53,1953,2.71%,22.25
women leather jackets,52,5816,0.89%,14.16
monomoi leather jacket,52,284,18.31%,1.01
leather gilet,51,7998,0.64%,5.99
leather skirts,51,6498,0.78%,22.32
ashwood purses,51,1029,4.96%,3.93
flying jacket mens,50,3428,1.46%,7.91
women's leather jackets,50,3157,1.58%,14.13
mens brown leather gloves,50,3031,1.65%,19.28
leather jacket women's,50,2732,1.83%,8.87
fenland leather,50,174,28.74%,1.35
long leather jacket,49,7344,0.67%,16.01
leather purses,49,6424,0.76%,19.72
leather long coat,49,3932,1.25%,6.85
soft leather cross body bag uk sale,49,3866,1.27%,10.09
leather jackets for ladies,49,2884,1.7%,8.97
white leather jacket mens,49,2410,2.03%,14.02
real leather backpack,49,2331,2.1%,14.9
ladies sheepskin coats,49,1162,4.22%,3.58
long leather coat womens,48,1926,2.49%,7.32
green leather bag,47,5862,0.8%,10.61
leather backpack mens,47,3984,1.18%,19.77
ashwood leather purse,47,3406,1.38%,6.93
leather bag men,47,3012,1.56%,14.62
sheepskin coat womens,47,1761,2.67%,8.82
mens flying jacket,46,3221,1.43%,7.96
sheepskin jacket womens,46,1803,2.55%,9.81
mens leather waistcoats,46,1095,4.2%,2.47
high-quality leather wallets uk,46,431,10.67%,5.83
white leather jacket,45,13940,0.32%,11.97
man bags leather,45,2361,1.91%,19.62
long sheepskin coat,45,2164,2.08%,2.48
fenland sheepskin slippers,45,1904,2.36%,2.93
sheepskin trapper hat,45,1322,3.4%,6.85
leather shop birmingham,45,246,18.29%,3.37
mens leather bags,44,6968,0.63%,27.39
backpack handbag,44,4970,0.89%,9.58
leather fingerless gloves,44,4476,0.98%,8.06
burgundy crossbody bag,44,4364,1.01%,8.35
ladies leather bags,44,4025,1.09%,16.64
tan leather jacket mens,44,1971,2.23%,17.64
real leather jacket men's,44,1234,3.57%,7.05
trapper leather,44,145,30.34%,1.92
black leather backpack,43,6196,0.69%,23.05
black leather shoulder bag,43,4873,0.88%,16.99
uk leather jackets,43,3636,1.18%,5.76
blue leather jacket mens,43,3274,1.31%,7.78
sheepskin hot water bottle cover,43,2326,1.85%,11.99
ashwood leather backpack,43,933,4.61%,4.06
leather company birmingham,43,220,19.55%,1.41
ashwood leather jacket mens,43,159,27.04%,1
mp leather bags,43,101,42.57%,1.29
flying jacket,42,11668,0.36%,6.9
collarless leather jacket,42,6357,0.66%,19.72
leather accessories,42,5781,0.73%,20.31
leather trunk,42,1788,2.35%,11.62
real leather trousers,42,1399,3%,10.13
trapper clothing,42,1074,3.91%,27.57
ashwood leather holdall,42,349,12.03%,1.8
brampton bags,42,221,19%,1.85
long leather trench coat,41,3867,1.06%,9.5
black leather gloves men,41,2793,1.47%,7.79
leather backpack handbag,41,1871,2.19%,21.39
mens leather gilet,41,1063,3.86%,2.63
leather shoulder bags for ladies,41,1002,4.09%,9.27
marta ponti portugal,41,591,6.94%,5.32
trapper leatherwear,41,180,22.78%,4.7
black leather jacket women,40,10539,0.38%,21.6
tan leather bag,40,7163,0.56%,12.53
fenland sheepskin gloves,40,136,29.41%,1.24
tan leather jacket womens,39,3067,1.27%,7.23
tan leather backpack,39,2689,1.45%,16.12
leather accessories for men,39,1745,2.23%,14.79
ashwood sheepskin,39,328,11.89%,1.01
red leather bag,38,8295,0.46%,12.07
leather wallet,38,7968,0.48%,47.96
tan cross body bag,38,6779,0.56%,12.36
burgundy handbag,38,6555,0.58%,8.64
navy leather handbags,38,2808,1.35%,8.81
leather suit carrier,38,1748,2.17%,5.06
leather shoulder bags uk,38,1209,3.14%,5.85
suede gilet womens,38,1202,3.16%,2.61
ladies sheepskin jackets,38,641,5.93%,3.4
real leather handbags uk,38,575,6.61%,3.38
leather goods,37,7586,0.49%,37.85
purple leather jacket,37,4622,0.8%,10.29
leather backpacks for men,37,3511,1.05%,16.02
large leather backpack,37,3332,1.11%,11.98
men leather gloves,37,2936,1.26%,10.9
leather waistcoat womens,37,2907,1.27%,6.28
real leather handbags,37,2460,1.5%,23.02
navy leather gloves,37,2251,1.64%,9.39
leather backpack men's,37,2092,1.77%,6.58
leather ladies backpack,37,1078,3.43%,10.14
women's real leather jacket,37,673,5.5%,5.58
fenland gloves,37,135,27.41%,1
leather backpack for men,36,2584,1.39%,16.47
ashwood purse,36,1316,2.74%,5.2
tan leather gloves ladies,36,855,4.21%,2.64
full length leather coat,36,726,4.96%,8.08
how many colours of bags are on the ashwood cheltenham collection?,36,298,12.08%,1.69
real leather trench coat womens,36,287,12.54%,4.86
leather skirt,35,9265,0.38%,34.86
mens leather biker jacket,35,4727,0.74%,21.4
womens brown leather jacket,35,4444,0.79%,19.13
leather travel bags for men,35,2577,1.36%,14.15
leather a4 document holder,35,1219,2.87%,4.3
leather purses uk,35,974,3.59%,9.37
bugatti leather jacket price,35,256,13.67%,6.3
ashwood jacket,35,123,28.46%,1.01
www.leather company,35,115,30.43%,1.37
mens biker jacket,34,6174,0.55%,14.27
ladies brown leather jacket,34,3322,1.02%,15.77
backpack leather,34,3284,1.04%,16.3
suede gilet,34,3216,1.06%,7.25
leather man bags,34,2978,1.14%,12.93
brown leather laptop bag,34,2408,1.41%,13.82
leather blazer mens,34,1790,1.9%,21.42
black sheepskin coat,34,1324,2.57%,4.12
brown leather rucksack,34,1317,2.58%,6.01
real leather skirt,34,907,3.75%,7.19
leather jackets in uk,34,712,4.78%,4.1
3/4 length leather jacket womens,34,547,6.22%,4.67
leather jackets edinburgh,34,157,21.66%,3.1
ashwood leather jacket ladies,34,145,23.45%,1.21
biker jacket men,33,7835,0.42%,22.37
ladies black leather jacket,33,5404,0.61%,12.45
del boy coat,33,4200,0.79%,1.51
tan leather cross body bag,33,3427,0.96%,10.68
real sheepskin jacket mens,33,1186,2.78%,5.97
leather toiletry bag for men,33,1110,2.97%,7.8
leather gloves uk,33,968,3.41%,10.41
leather trapper hat,33,926,3.56%,9
leather bag uk,33,708,4.66%,3.42
ashwood luxury leather,33,259,12.74%,2.4
ashwood handschuhe,33,92,35.87%,1
ashwood luxury,33,77,42.86%,1
green purse,32,5359,0.6%,21.61
dark brown leather jacket,32,4831,0.66%,9.24
burgundy leather bag,32,3715,0.86%,8.26
sheepskin leather jacket,32,2775,1.15%,15.4
leather holdalls,32,2464,1.3%,5.16
mens real leather jackets,32,1358,2.36%,9
trapper coat,32,662,4.83%,6.8
leather co,32,444,7.21%,3.57
marta ponti crossbody bag,32,242,13.22%,1.77
black leather trench coat,31,8392,0.37%,8.99
leather shoulder bags,31,4094,0.76%,18.64
leather jacket woman,31,2941,1.05%,12.55
mens leather wallet with coin pocket,31,2876,1.08%,16.29
mens leather laptop bag,31,2769,1.12%,19.53
leather backpack women,31,2699,1.15%,38.27
small leather crossbody bag,31,2278,1.36%,11.1
sheepskin bomber jacket,31,2241,1.38%,10.49
mens hanging toiletry bag,31,2224,1.39%,24.19
tan leather handbags,31,2059,1.51%,8.95
brampton london,31,1493,2.08%,3.55
ashwood bag,31,1398,2.22%,3.62
ladies real leather jackets,31,1015,3.05%,4.38
mens leather blazer uk,31,688,4.51%,3.49
ashwood cross body bag,31,559,5.55%,2.53
mens leather waistcoats uk,31,361,8.59%,2.6
marta ponti purse,31,175,17.71%,1.93
leather jeans women,30,3629,0.83%,11.68
suede trousers,30,3446,0.87%,2.57
green leather purse,30,3064,0.98%,21.3
women's leather backpack,30,3030,0.99%,21.15
leather hand bags,30,2532,1.18%,19.74
leather cushions,30,1699,1.77%,14.89
leather mens gloves,30,1626,1.85%,6.3
brown leather holdall,30,1609,1.86%,3.31
leather mens wash bag,30,1454,2.06%,5.58
mens leather blazer jacket,30,1375,2.18%,22.9
trapper jackets,30,151,19.87%,1.83
suit carrier,29,13759,0.21%,12.05
mens leather bomber jacket,29,5929,0.49%,15.92
navy handbag,29,5603,0.52%,16.69
tan leather handbag,29,4158,0.7%,9.7
leather jacket man,29,3084,0.94%,12.86
ladies leather purse,29,2883,1.01%,24.13
mens sheepskin coats,29,1985,1.46%,14.84
oxblood leather jacket,29,1738,1.67%,4.88
ashwood leather handbags,29,1712,1.69%,5.78
purple leather gloves,29,1402,2.07%,9.19
marta point,29,630,4.6%,5.69
sheepskin jackets womens,29,485,5.98%,4.15
real leather trousers womens,29,478,6.07%,9.2
ashwood crossbody bags,29,377,7.69%,3.32
trapper brand,29,121,23.97%,3.4
beige leather jacket,28,5381,0.52%,10.15
womens black leather jacket,28,5221,0.54%,16.16
leather gloves mens,28,2710,1.03%,8.16
leather weekend bag mens,28,2151,1.3%,8.63
man leather jacket,28,2046,1.37%,16
sheepskin coat men,28,1407,1.99%,11.52
men's leather jackets uk,28,1399,2%,3.49
genuine leather backpack,28,1339,2.09%,21.52
sheepskin coats mens,28,1174,2.39%,7.49
ashwood leather crossbody bag,28,873,3.21%,5.2
mens leather jacket brown,28,805,3.48%,19.98
men's sheepskin coats,28,780,3.59%,8.04
sheepskin coat uk,28,757,3.7%,4.91
ladies leather bags uk,28,566,4.95%,2.23
british leather company,28,296,9.46%,3.17
maria ponti,28,202,13.86%,2.67
leder company,28,175,16%,3.2
leather company birmingham store,28,98,28.57%,1.07
mens wallet with coin pocket,27,4594,0.59%,24.98
women's leather handbags,27,4348,0.62%,30.48
ladies leather gloves,27,4059,0.67%,24.53
sheep skin coat,27,3706,0.73%,13.13
leather purses for women,27,3127,0.86%,23.04
leather holdall bag,27,1379,1.96%,4.27
leather man bags uk,27,1184,2.28%,2.93
sheepskin jacket men,27,1182,2.28%,19.64
ashwood leather bag tk maxx,27,1172,2.3%,9.12
mens leather gloves black,27,1168,2.31%,6.02
men's leather gloves uk,27,827,3.26%,3.33
london leather goods,27,813,3.32%,51.93
genuine leather bags for women,27,396,6.82%,12.53
3/4 length leather jacket,27,287,9.41%,7.48
ashwood backpack,27,279,9.68%,2.49
monomoi leather,27,154,17.53%,1.02
buy a leather jacket,27,152,17.76%,9.37
marta ponti website,27,127,21.26%,2.95
leather jacket edinburgh,27,104,25.96%,2.97
marta ponti brand,27,102,26.47%,2.19
ashwood weekend bag,27,86,31.4%,1.38
leather goods for men,26,3136,0.83%,29.34
leather rucksacks,26,2224,1.17%,7.77
leather jacket mens uk,26,1520,1.71%,4.56
genuine leather handbags,26,1459,1.78%,20.31
leather jacket shops near me,26,1199,2.17%,10.61
fenland sheepskin,26,1177,2.21%,2.14
leather hand bags for ladies,26,1114,2.33%,9.79
mens sheepskin coat uk,26,1036,2.51%,5.83
fingerless sheepskin gloves,26,721,3.61%,3.74
ladies leather handbag,26,717,3.63%,12.87
women's sheepskin coat,26,716,3.63%,15.31
theleathercompany,26,649,4.01%,1.7
ladies brown leather gloves,26,618,4.21%,4.27
womens leather handbags uk,26,357,7.28%,2.48
full grain leather jacket mens,26,296,8.78%,10.77
real leather backpack womens uk,26,239,10.88%,3.31
ashford leather,26,150,17.33%,2.2
original trapper leatherwear,26,101,25.74%,4.32
trapper leather jackets,26,70,37.14%,1.1
where are trapper leather jackets made,26,67,38.81%,1.93
burgundy shoulder bag,25,4458,0.56%,6.03
black leather crossbody bag,25,3816,0.66%,19.9
large leather purse,25,2706,0.92%,25.66
estimo,25,2531,0.99%,11.7
pink sheepskin slippers,25,1338,1.87%,8.93
leather jacket size chart,25,1319,1.9%,9.16
mens leather waistcoat,25,1280,1.95%,3.95
leather cabin bag,25,1175,2.13%,8.76
brown leather jacket women's,25,1118,2.24%,5.88
leather jacket in uk,25,951,2.63%,4.54
belt and wallet gift set,25,933,2.68%,17.46
camel leather bag,25,727,3.44%,13.26
mens leather flying jackets,25,689,3.63%,11
marta ponti backpack,25,577,4.33%,5.54
real leather dress,25,456,5.48%,9.14
mens 3/4 length leather coats uk,25,168,14.88%,3.1
iceleather,25,135,18.52%,7
leather jackets birmingham,25,112,22.32%,4.09
leather shops birmingham,25,64,39.06%,3.12
navy handbags,24,9337,0.26%,18.24
leather biker jacket mens,24,5293,0.45%,18.28
leather briefcase,24,5251,0.46%,31.71
womens leather purse,24,4195,0.57%,26.77
teal handbag,24,3104,0.77%,11.84
leather jackets mens,24,2678,0.9%,7.85
mens toiletry bag leather,24,2632,0.91%,15.13
men's leather backpack,24,2537,0.95%,16.42
womens leather trench coat,24,2115,1.13%,19.6
tan leather gloves,24,1868,1.28%,6.75
ladies leather rucksack,24,1393,1.72%,7.17
mens leather jacket uk,24,1063,2.26%,4.3
leather company discount code,24,840,2.86%,5.35
mens leather wash bag sale,24,653,3.68%,8.57
sheepskin jacket women's uk,24,582,4.12%,5.78
where are ashwood leather bags made,24,581,4.13%,6.45
bleu leather jacket,24,222,10.81%,2.58
biker jacket women,23,8990,0.26%,18.64
red purse,23,6391,0.36%,43.81
leather bomber jacket men,23,3527,0.65%,16.96
ladies leather coats,23,3496,0.66%,13.62
small leather purse,23,3006,0.77%,22.41
leather jacket ladies,23,2741,0.84%,20.6
red leather purse,23,2727,0.84%,14.39
woman leather jacket,23,2302,1%,13.81
dark green leather jacket,23,2235,1.03%,6.16
suit carrier holdall,23,2220,1.04%,14.37
leather skirts for women,23,2026,1.14%,13.75
leather waistcoats,23,1263,1.82%,2.64
del boy sheepskin coat,23,1247,1.84%,2.51
real sheepskin coat,23,1093,2.1%,6.74
leather jacket for ladies,23,991,2.32%,8.68
leather back packs,23,922,2.49%,5.14
genuine leather jacket womens,23,912,2.52%,18.74
burgundy leather handbag,23,678,3.39%,7.9
3xl leather jacket,23,673,3.42%,9.03
shearling coat women's,23,593,3.88%,8.4
brampton leather jacket,23,419,5.49%,2.29
leather backpacks uk,23,334,6.89%,4.32
mens leather jeans uk,23,243,9.47%,9.73
the leather company website,23,134,17.16%,2.92
martha ponti,23,66,34.85%,1.42
leather jeans,22,9293,0.24%,14.21
black leather rucksack,22,3774,0.58%,7.79
leather luggage bag,22,2202,1%,26.06
leather shops near me,22,1614,1.36%,13.39
italian leather crossbody bag,22,847,2.6%,16
ladies tan leather jacket,22,816,2.7%,4.26
women's real leather jackets sale,22,754,2.92%,14.48
sheepskin gilet men's,22,571,3.85%,7.13
ladies leather trench coat,22,461,4.77%,6.1
fenland leather jacket,22,88,25%,1
ashwood clothing,22,78,28.21%,1.49
maria ponti bag,22,61,36.07%,1.51
orange handbag,21,5963,0.35%,24.52
womans leather jacket,21,2224,0.94%,9.45
fur poncho,21,2212,0.95%,19.58
mens hanging wash bag,21,2120,0.99%,11.78
mens leather flight bag,21,2101,1%,8.14
leather sheepskin jacket,21,2026,1.04%,8.81
navy leather handbag,21,1978,1.06%,11.77
women leather backpack,21,1505,1.4%,24.76
real leather jackets womens,21,1464,1.43%,19.8
sheepskin hat mens,21,998,2.1%,9.91
black leather cross body bag uk,21,920,2.28%,5.98
ladies long leather coat,21,765,2.75%,6.01
maroon leather jacket mens,21,690,3.04%,8.1
5xl leather jacket,21,446,4.71%,7.14
suede trousers ladies,21,422,4.98%,2.35
leather shop uk,21,221,9.5%,3.51
nubuck leather jacket mens,21,167,12.57%,4.78
brampton london leather bag,21,124,16.94%,4.01
ashwood sheepskin rug,21,57,36.84%,1
maroon leather jacket,20,3940,0.51%,15.8
brown leather jacket women,20,3526,0.57%,19.44
leather jacket brown,20,3371,0.59%,9.43
leather bag for women,20,2964,0.67%,21.63
fur lined leather jacket,20,2929,0.68%,6.8
leather briefcase for men,20,2766,0.72%,23.33
small leather shoulder bag,20,2759,0.72%,10.35
leather biker jacket womens,20,2700,0.74%,20.14
orange leather bag,20,1918,1.04%,12.81
ladies leather purses,20,1845,1.08%,27.45
mens brown leather jackets,20,1810,1.1%,14.53
sheep leather jacket,20,1429,1.4%,15.45
shearling coats,20,1338,1.49%,16.27
men's flying jacket,20,1336,1.5%,6.01
navy leather handbags sale,20,1038,1.93%,12.55
ladies leather shoulder bags,20,900,2.22%,18.01
mens leather holdall bag sale,20,888,2.25%,6.03
mens sheepskin gilet,20,872,2.29%,4.5
mens shearling jacket uk,20,843,2.37%,6.85
leather uk,20,823,2.43%,17.65
leather companies,20,774,2.58%,12.1
real leather man bag,20,629,3.18%,6.21
shearling trapper hat,20,295,6.78%,10.44
3/4 length leather jacket mens,20,240,8.33%,5.36
ashwood weekender,20,99,20.2%,1.92
mens sheepskin hats uk,20,86,23.26%,7.29
ashwood wallets,20,74,27.03%,1.12
sienna de luca italy,20,69,28.99%,1.29
ashwood london,20,67,29.85%,3.36
ashwood sheepskin coat,20,64,31.25%,1.66
fenland wallet,20,48,41.67%,1
leather coats for men,19,5283,0.36%,16.35
mens leather coats,19,4015,0.47%,14.75
leather coats,19,3854,0.49%,27.36
sheepskin gloves,19,2669,0.71%,41.82
genuine leather jacket,19,2326,0.82%,16.36
red leather biker jacket,19,2273,0.84%,5.96
green leather handbag,19,2039,0.93%,24.79
leather hand bag,19,1814,1.05%,11
mens blue leather jacket,19,1713,1.11%,16.46
men leather backpack,19,1698,1.12%,11.07
womens leather rucksack,19,1119,1.7%,8.4
men shearling jacket,19,950,2%,9.31
leather jackets ladies,19,904,2.1%,13.23
mens flying jackets for sale uk,19,836,2.27%,8.83
the bridge briefcase,19,614,3.09%,8.64
mens leather jackets sale,19,509,3.73%,18.12
leather jacket men uk,19,480,3.96%,4.41
real sheepskin coat women's,19,384,4.95%,3.86
ladies leather backpack handbag,19,357,5.32%,4.66
long sheepskin coat womens,19,347,5.48%,4.5
ladies navy leather gloves,19,293,6.48%,3.34
mens sheepskin coats uk,19,242,7.85%,5.43
leather and co,19,196,9.69%,6.31
leather shops uk,19,161,11.8%,3.37
leather products uk,19,156,12.18%,2.06
leathercompany.co.uk reviews,19,155,12.26%,5.33
brampton london bags,19,118,16.1%,3.3
sheepskin jackets for sale,19,91,20.88%,13.18
brampton bag,19,63,30.16%,1.75
sheepskin slippers,18,6490,0.28%,40.6
real leather jackets,18,3993,0.45%,23.69
cheap leather jackets,18,2142,0.84%,34.15
collonil,18,2080,0.87%,18.76
men leather bag,18,2030,0.89%,16.41
mens sheepskin gloves,18,1643,1.1%,24.92
navy handbags uk,18,1630,1.1%,8.35
mens leather wallet with zip coin pocket,18,1535,1.17%,7
navy leather jacket womens,18,1321,1.36%,7.21
mens white leather jacket,18,1265,1.42%,9.14
womens sheepskin coats,18,1200,1.5%,25.04
leather suit bag,18,1189,1.51%,13.13
large leather holdall,18,935,1.93%,2.66
leather rucksack men's,18,778,2.31%,4.38
womens leather waistcoat,18,751,2.4%,5.71
man leather bag,18,689,2.61%,16.63
leather handbag uk,18,465,3.87%,3.53
mens sheepskin jacket uk,18,456,3.95%,7.18
3/4 leather jacket,18,453,3.97%,6.15
ladies tan leather gloves,18,447,4.03%,2.62
burgundy crossbody bag uk,18,396,4.55%,2.04
tan leather bags uk,18,291,6.19%,2.6
mens black sheepskin jacket,18,186,9.68%,6.94
fenland mens slippers,18,183,9.84%,2.49
edinburgh leather jacket,18,140,12.86%,3.26
marta ponti crossbody,18,89,20.22%,1.92
ashwood mens leather bag,18,76,23.68%,1.12
leather company birmingham store birmingham,18,40,45%,1.75
solihull leather shop,18,30,60%,1.07
womens leather gloves,17,4146,0.41%,30.56
teal bag,17,2837,0.6%,9.32
shearling aviator jacket,17,2481,0.69%,14.87
navy leather bag,17,2242,0.76%,11.56
del boy jacket,17,1907,0.89%,2.45
burgundy handbags,17,1753,0.97%,11.37
mens leather jeans,17,1514,1.12%,30.41
sheepskin coats for men,17,1329,1.28%,18.18
brown leather backpack mens,17,1302,1.31%,21.85
mens gloves leather,17,1291,1.32%,10.35
brown leather gloves mens,17,1243,1.37%,11.65
nubuck leather jacket,17,1203,1.41%,15.55
burgundy leather jacket womens,17,1132,1.5%,8.89
mens leather holdalls,17,948,1.79%,2.94
backpack handbag uk,17,872,1.95%,9.08
womens tan leather jacket,17,845,2.01%,9.76
small man bags uk,17,844,2.01%,5.2
mens leather holdall bag,17,805,2.11%,3.63
real leather jacket men,17,664,2.56%,14.4
sheepskin hot water bottle,17,660,2.58%,18.79
leather mens holdall,17,626,2.72%,4.01
long leather trench coat womens,17,624,2.72%,7.34
quality leather handbags uk,17,502,3.39%,5.25
a4 leather document holder,17,496,3.43%,6.13
leather jacket size 22,17,492,3.46%,1.78
mens flying jackets,17,473,3.59%,9.13
crocodile leather bag,17,430,3.95%,14
mens sheepskin flying jacket,17,426,3.99%,6.23
green leather handbags uk,17,394,4.31%,3.02
shearling coats womens,17,308,5.52%,9.55
genuine leather handbags for women,17,264,6.44%,9.71
leather shotgun slip,17,263,6.46%,12.86
leather brand,17,227,7.49%,10.51
mp wallet,17,184,9.24%,5.49
extra large leather holdall,17,183,9.29%,2.1
full grain cowhide leather jacket,17,137,12.41%,13.79
mens leather wash bag uk,17,117,14.53%,2.37
ashwood holdall,17,82,20.73%,1.44
leather 3/4 jacket,17,79,21.52%,5.56
ashwood messenger bag,17,72,23.61%,1.12
ladies real leather trousers uk,17,61,27.87%,2.84
leather company bags,17,55,30.91%,7.4
trapper leather coat,17,50,34%,1.18
man bags uk,16,6699,0.24%,9.34
mens wallet,16,4831,0.33%,49.04
leather coat women,16,4366,0.37%,15.19
leather crossbody bag,16,4268,0.37%,38.84
red biker jacket,16,4043,0.4%,6.52
leather wallets for men,16,3790,0.42%,31.8
men leather jackets,16,3535,0.45%,18.07
womens leather handbags,16,3350,0.48%,27.24
brown leather jackets,16,2925,0.55%,8.59
tan leather purse,16,2000,0.8%,15.45
ashwood leather bags,16,1794,0.89%,5.87
biker leather jacket men,16,1741,0.92%,13.31
mens leather wash bags,16,1667,0.96%,12.86
tan leather jackets,16,1143,1.4%,19.47
ladies leather bag,16,1142,1.4%,13.76
leather backpack ladies,16,947,1.69%,14.79
mens leather wallets uk,16,829,1.93%,12.93
leather rucksack handbag,16,722,2.22%,4.79
ashwood handbags sale,16,715,2.24%,6.27
navy leather shoulder bag,16,662,2.42%,5.28
sheepskin mens jacket,16,641,2.5%,6.87
cowhide leather jacket,16,629,2.54%,13.83
real leather tote bag,16,617,2.59%,12.54
sheepskin coats for sale,16,585,2.74%,9.42
leather document holder a4,16,557,2.87%,6.36
men's leather laptop bag uk,16,493,3.25%,5.14
mens black sheepskin coat,16,474,3.38%,5.21
tan leather handbags uk,16,470,3.4%,2.88
womens long leather coat,16,456,3.51%,13.18
sheepskin duffle coat mens,16,391,4.09%,3.19
leather.com,16,307,5.21%,5.08
mens leather rucksack uk,16,290,5.52%,2.7
womens leather bags uk,16,239,6.69%,3.49
fenland ear muffs,16,200,8%,1.39
womens leather trench coat full length,16,88,18.18%,4.62
ashwood leather briefcase,16,59,27.12%,1.17
ashwood of london leather jacket,16,51,31.37%,1
ashwood leather apron,16,45,35.56%,1
leather company.co.uk,16,45,35.56%,1
trapper leather wear,16,35,45.71%,1.69
mens toiletry bag,15,11115,0.13%,13.62
russian hats,15,5634,0.27%,7.84
womens leather bags,15,4989,0.3%,40.32
mens designer leather jackets,15,4739,0.32%,28.78
leather trench,15,4064,0.37%,8.69
burgundy bags,15,3645,0.41%,27.69
mens leather biker jackets,15,2836,0.53%,19.13
brown leather gloves,15,2513,0.6%,11.43
black leather purse,15,2318,0.65%,24.09
tan leather shoulder bag,15,1872,0.8%,8.74
real leather bag,15,1781,0.84%,9.82
mens leather biker jacket uk,15,1725,0.87%,6.14
purses for women,15,1719,0.87%,42.07
collonil waterstop spray,15,1641,0.91%,12.08
navy blue leather jacket,15,1585,0.95%,8.64
leather wash bags,15,1537,0.98%,15.33
mens leather briefcase,15,1509,0.99%,19.61
mens leather backpacks,15,1449,1.04%,11.87
leather bags men,15,1428,1.05%,18.42
burgundy leather jacket mens,15,1315,1.14%,13.09
leather skirts uk,15,1210,1.24%,12.52
black sheepskin jacket,15,1167,1.29%,10.67
mens leather bomber jacket uk,15,1004,1.49%,9.79
brown leather gloves woman,15,990,1.52%,4.62
flying jacket mens uk,15,960,1.56%,7.11
navy leather purse,15,950,1.58%,7.25
men's hanging wash bag,15,949,1.58%,4.23
leather carry on bag,15,925,1.62%,7.99
ladies leather backpacks,15,834,1.8%,24
long leather coats,15,734,2.04%,10.65
leather coat long,15,726,2.07%,10.08
leather goods uk,15,622,2.41%,10.45
ladies leather hand bags,15,596,2.52%,8.67
leather hold all,15,533,2.81%,3.5
brandy bag,15,460,3.26%,8.34
house of leather near me,15,454,3.3%,6.99
mens leather holdall uk,15,399,3.76%,2.16
rust wallet,15,354,4.24%,5.45
fur lined leather jacket mens,15,347,4.32%,13.05
ladies red leather gloves,15,327,4.59%,3.69
leather wash bags mens,15,325,4.62%,4.16
mens leather backpack uk,15,321,4.67%,3.77
sheepskin jackets ladies,15,317,4.73%,3.27
sheepskin aviator hat,15,283,5.3%,6.06
leather sheepskin jacket mens,15,257,5.84%,4.2
bugatti jacket leather,15,210,7.14%,5.93
leather jacket 4xl,15,170,8.82%,7.48
leather rucksack uk,15,138,10.87%,4.14
ashwood phone bag,15,114,13.16%,3.04
ashwood portemonnaie,15,100,15%,4.75
leather companies in uk,15,81,18.52%,2.98
ashwood leather jackets,15,77,19.48%,1.05
trapper coats,15,77,19.48%,4
uk leather company,15,76,19.74%,1.42
marta ponti online shop,15,69,21.74%,11.2
leather website,15,51,29.41%,6.53
marta ponti leather handbags,15,46,32.61%,2.65
monomoi lederjacke,15,45,33.33%,1.04
extra large womens leather gloves,15,44,34.09%,1.73
grey handbag,14,8358,0.17%,12.55
small leather backpack,14,5170,0.27%,14.26
leather bomber jacket mens,14,4506,0.31%,11.3
rucksack handbag,14,3719,0.38%,7.54
black leather handbag,14,2910,0.48%,26.55
mens leather travel bag,14,2789,0.5%,17.38
womens red leather jacket,14,2679,0.52%,14.24
leather travel bags,14,2157,0.65%,30.41
leather over the shoulder bag,14,1692,0.83%,23.29
infinity leather jacket,14,1581,0.89%,5.9
cream leather gloves,14,1541,0.91%,10.12
suede gloves,14,1467,0.95%,13.04
tan leather bags,14,1303,1.07%,15.42
sheepskin aviator jacket,14,1301,1.08%,12.03
ladies shearling jacket,14,1237,1.13%,4.49
leather holdall womens,14,1199,1.17%,9.36
tan leather wallet,14,1194,1.17%,8.37
black leather holdall,14,1183,1.18%,4.03
cream leather jacket womens,14,1109,1.26%,9.82
men's sheepskin coat,14,964,1.45%,12.43
sheepskin leather jacket mens,14,932,1.5%,10.48
hanging wash bag mens,14,912,1.54%,4.28
shearling coat women,14,883,1.59%,9.06
a4 leather folder,14,830,1.69%,9.43
leather winter gloves,14,813,1.72%,5.62
leather ladies jacket,14,691,2.03%,13.71
leather hanging wash bag,14,679,2.06%,3.27
genuine leather jacket for men,14,662,2.11%,17.71
leather shops,14,630,2.22%,9.48
men's brown leather jacket,14,611,2.29%,18.38
ladies leather jacket design,14,595,2.35%,9.08
sheepskin jacket women,14,580,2.41%,8.83
leather document folder,14,491,2.85%,14.91
leather jacket women uk,14,479,2.92%,4.42
ladies leather waistcoat,14,456,3.07%,3.63
very soft leather handbags uk,14,412,3.4%,23.9
men's leather wash bag,14,387,3.62%,4.18
sheepskin mens coat,14,380,3.68%,8.33
leather jacket company,14,356,3.93%,12.47
ashwood leather purses,14,346,4.05%,7.32
tan leather rucksack,14,339,4.13%,3.96
grey sheepskin coat,14,276,5.07%,2.79
sheepskin leather jacket women's,14,258,5.43%,5.56
men's leather holdall,14,239,5.86%,3.83
women's sheepskin jacket,14,239,5.86%,7.16
leather sheepskin jacket women's,14,233,6.01%,7.82
men's sheepskin jackets,14,224,6.25%,6.23
ladies leather jacket size 20,14,169,8.28%,3.09
uk leather handbags,14,167,8.38%,2.75
sheep coat womens,14,165,8.48%,9.25
men's leather gloves for winter,14,143,9.79%,4.98
leather jacket size guide,14,138,10.14%,5.88
genuine leather backpack women's,14,137,10.22%,5.16
leather waistcoat mens uk,14,133,10.53%,2.76
ladies brown leather gloves uk,14,121,11.57%,1.63
red real leather jacket,14,107,13.08%,9.22
ashwood leather messenger bag,14,96,14.58%,2.14
the leather companion,14,95,14.74%,3.77
ashwood tassen,14,72,19.44%,3.61
leather & co,14,67,20.9%,5.7
birmingham leather shop,14,53,26.42%,3.36
chestnut collection bag,14,47,29.79%,1.49
leather company handbags,14,45,31.11%,2.89
mp portugal leather,14,30,46.67%,3.77
trapper nahkatakki,14,27,51.85%,1
biker jacket,13,10438,0.12%,42.28
brown leather handbag,13,5663,0.23%,8.64
mens sheepskin slippers,13,5497,0.24%,52.35
mens leather work bag,13,4073,0.32%,47.83
trapper,13,3129,0.42%,13.98
fitted leather jacket,13,2909,0.45%,11.26
leather book cover,13,2806,0.46%,9.38
womens leather bag,13,2249,0.58%,35.97
green purses,13,2132,0.61%,21.21
sheep skin jacket,13,2114,0.61%,11.7
russian style hat,13,1950,0.67%,4.91
red leather shoulder bag,13,1887,0.69%,8.6
leather suit jacket,13,1754,0.74%,27.53
leather jackets womens,13,1705,0.76%,18.69
grey leather jacket mens,13,1582,0.82%,8.41
mens tan leather gloves,13,1510,0.86%,22.19
leather mens bag,13,1491,0.87%,18.85
leather golf bag,13,1400,0.93%,11.4
leather document wallet,13,1382,0.94%,12.49
ladies black leather jackets,13,1321,0.98%,6.92
leather sleeveless jacket,13,1264,1.03%,7.74
croc handbag,13,1192,1.09%,7.3
black leather shoulder bags,13,1166,1.11%,17
mens real leather jacket,13,1106,1.18%,29.87
mens leather blazers,13,1079,1.2%,42.68
women's shearling coat,13,1065,1.22%,10.32
leather shop near me,13,1059,1.23%,12.39
sheep fur coat,13,1056,1.23%,9.82
leather flight bag,13,1023,1.27%,16.22
mens grey leather jacket,13,900,1.44%,5.86
brown leather biker jacket mens,13,812,1.6%,9.99
leather women jacket,13,737,1.76%,14.97
women leather handbags,13,698,1.86%,19.8
womens brown leather gloves,13,679,1.91%,7.45
mens lined leather gloves,13,631,2.06%,18.87
sheep skin coats,13,621,2.09%,7.03
blue leather jacket men,13,576,2.26%,9.17
men's sheepskin jacket,13,568,2.29%,20.79
leather office bag,13,543,2.39%,3.49
womens leather backpack uk,13,537,2.42%,6.19
ladies leather biker jacket uk,13,515,2.52%,3.62
ladies leather biker jackets,13,513,2.53%,6.33
large leather rucksack,13,459,2.83%,7.13
leather biker jackets womens,13,361,3.6%,19.58
ladies leather jacket size 22,13,343,3.79%,1.19
shearling leather jacket women's,13,329,3.95%,15.21
full length sheepskin coat,13,328,3.96%,5.16
small leather holdall,13,319,4.08%,3.28
ladies leather gilet,13,281,4.63%,2.11
suede gilets ladies,13,272,4.78%,2.32
tan leather bag cross body,13,247,5.26%,6.56
mens leather back pack,13,207,6.28%,3.93
womens suede gilet,13,189,6.88%,3.41
bleu leathers,13,161,8.07%,7.11
3/4 leather jacket mens,13,156,8.33%,5.9
full grain leather jackets,13,155,8.39%,12.28
navy leather crossbody bag uk,13,154,8.44%,9.56
shearling coats mens,13,153,8.5%,38.46
mens sheepskin duffle coat,13,140,9.29%,3.33
the bridge handbags stockists uk,13,139,9.35%,4.07
leather jacket birmingham,13,101,12.87%,4.75
mens sheepskin jackets uk,13,78,16.67%,5.24
ashwood leather laptop bag,13,75,17.33%,2.4
mens 3/4 leather jacket,13,75,17.33%,7.67
leather suit carrier holdall,13,71,18.31%,5.28
ashwood briefcase,13,65,20%,1.11
ladies long sheepskin coat,13,61,21.31%,1.54
marti ponti purses,13,44,29.55%,1.32
size 44 leather jacket,13,42,30.95%,5.43
short leather jacket,12,7440,0.16%,10.52
black leather gloves,12,6039,0.2%,16.69
tan handbags,12,5283,0.23%,22.44
mens flight bag,12,4613,0.26%,22.89
tan backpack,12,2950,0.41%,7.51
navy crossbody bag,12,2839,0.42%,16.25
womens leather biker jackets,12,2146,0.56%,22.93
red purses,12,2125,0.56%,32.28
grey leather gloves,12,1991,0.6%,29.03
green leather jacket mens,12,1935,0.62%,18.02
biker leather jacket women,12,1910,0.63%,17.22
fingerless leather gloves,12,1763,0.68%,9.76
xs leather jacket,12,1651,0.73%,14.02
black leather wallet,12,1635,0.73%,29.37
laptop messenger bag,12,1564,0.77%,27.96
leather gillet,12,1553,0.77%,5.32
leather skirt women,12,1476,0.81%,11.36
leather trench coats,12,1177,1.02%,16.89
sheepskin flight jacket,12,989,1.21%,21.6
the bridge bags uk,12,987,1.22%,8.65
leather biker jacket ladies,12,971,1.24%,8.2
small leather man bag,12,887,1.35%,8.53
flying jackets mens,12,829,1.45%,7.69
leather shopping bag,12,808,1.49%,11.58
leather man bag uk,12,793,1.51%,3.38
leather jackets uk mens,12,777,1.54%,3.37
leather jacket men brown,12,726,1.65%,7.89
mens leather gloves sale,12,723,1.66%,7.73
green leather jacket men,12,709,1.69%,15.16
sheepskin gilet mens,12,670,1.79%,5.56
leather holdall bag mens,12,635,1.89%,3.11
leather washbag mens,12,594,2.02%,3.71
fenlands sheepskin slippers,12,582,2.06%,3.55
top grain leather jacket,12,541,2.22%,14.92
leather work bag men,12,515,2.33%,14.36
mens burgundy leather jacket,12,486,2.47%,7.8
hooded leather bomber jacket,12,467,2.57%,12.23
leather duffle coat,12,457,2.63%,7.14
mens sheepskin hat,12,432,2.78%,13.96
mens leather jackets brown,12,430,2.79%,5.54
sheepskin biker jacket,12,379,3.17%,5.15
small leather bag for man,12,316,3.8%,10.89
real leather handbags uk sale,12,309,3.88%,13.01
leather puffer jacket men's,12,305,3.93%,5.99
wallet and belt set,12,293,4.1%,7.11
ladies leather backpack uk,12,280,4.29%,5.26
mens leather sheepskin jacket,12,260,4.62%,5.76
mens 3/4 length sheepskin coat,12,227,5.29%,14.64
leather jacket shop near me,12,215,5.58%,12.19
mens leather gilet uk,12,199,6.03%,3.03
leather over shoulder bag,12,193,6.22%,7.01
ashwood leather bag price,12,189,6.35%,4.81
women's sheepskin coats,12,168,7.14%,21.63
womens navy leather jacket,12,165,7.27%,7.5
long leather coats for ladies,12,160,7.5%,8.93
sheepskin womens coat,12,156,7.69%,8.51
women's long leather coat,12,150,8%,6.65
red leather gloves uk,12,148,8.11%,2.32
green leather purse uk,12,136,8.82%,3.21
women's real leather jackets uk,12,133,9.02%,5.69
brampton gloves,12,122,9.84%,3.31
xs leather gloves,12,117,10.26%,3.77
ladies real leather trousers,12,110,10.91%,4.98
leather jacket 3/4 length,12,104,11.54%,4.43
full grain leather jacket uk,12,101,11.88%,1.02
vegetable tanned leather jacket,12,96,12.5%,7.36
leather ladies backpack handbag,12,94,12.77%,4.46
ashwood ladies purses,12,79,15.19%,2.75
mens sheepskin coats for sale uk,12,79,15.19%,4.72
the leather co,12,75,16%,6.4
the leather company birmingham,12,42,28.57%,1.71
the leather brand,12,42,28.57%,4.02
marta ponti purses,12,41,29.27%,2.1
buy a leather jaket,12,28,42.86%,10.11
leather 501 jeans,12,25,48%,2.56
mens holdall,11,14169,0.08%,12.36
moccasin slippers womens,11,7466,0.15%,16.36
leather coat,11,5323,0.21%,31.63
leather laptop bag,11,4391,0.25%,41.54
leather pencil skirt,11,3873,0.28%,20.39
grey cross body bag,11,3214,0.34%,26.89
leather fur coat,11,2580,0.43%,7.13
green leather handbags,11,2508,0.44%,23.68
laptop messenger bags for men,11,2499,0.44%,23.46
red leather jackets,11,2141,0.51%,13.56
tan biker jacket,11,2129,0.52%,12.52
orange leather jacket,11,2069,0.53%,11.86
ladies backpack handbag,11,1900,0.58%,20.23
womens leather jeans,11,1884,0.58%,24.29
soft leather handbags,11,1690,0.65%,28.23
office bag for men,11,1545,0.71%,21.68
suede backpack,11,1441,0.76%,12.64