Product,Amazon stock,LC stock
"ASHWOOD Vegetable Tanned Leather Bag Black : V-23  …  
 
    B08PC52T73",0,3
"ASHWOOD Vegetable Tanned Leather Bag Navy : V-23  …  
 
    B08PC7M757",0,17
"ASHWOOD Vegetable Tanned Leather Bag Chestnut : V-23  …  
 
    B08PC5HZP5",0,11
"ASHWOOD Vegetable Tanned Leather Bag Navy : V-22  …  
 
    B08P7QTDG4",0,1
"ASHWOOD Vegetable Tanned Leather Bag Chestnut : V-22  …  
 
    B08P7R58K3",0,0
"ASHWOOD Vegetable Tanned Leather Bag Black : V-22  …  
 
    B08P7RYSK4",0,4
"ASHWOOD Vegetable Tanned Small Leather Cross body Shoulder Bag Navy : V-21  …  
 
    B08P5VTCVD",0,NA
"ASHWOOD Vegetable Tanned Small Leather Cross body Shoulder Bag Black : V-21  …  
 
    B08P5TGN9B",0,0
"ASHWOOD Small Zip Top Vegetable Tanned Leather Cross Body Bag Black : V-20  …  
 
    B08P5SSV6Y",0,18
"ASHWOOD Vegetable Tanned Small Leather Cross body Shoulder Bag Chestnut : V-21  …  
 
    B08P5ST1PJ",0,20
"ASHWOOD Small Zip Top Vegetable Tanned Leather Cross Body Bag Navy : V-20  …  
 
    B08P5XQDJL",0,19
"ASHWOOD Small Zip Top Vegetable Tanned Leather Cross Body Bag Chestnut : V-20  …  
 
    B08P5T3G14",0,9
"ASHWOOD Large Leather Vintage Holdall Tan : G-36  …  
 
    B08P55ZHWJ",0,1
"ASHWOOD Unisex Leather Vintage Backpack Black: G-35  …  
 
    B08P566WZZ",0,NA
"ASHWOOD Mens Leather Washbag Brandy : G-37  …  
 
    B08P568SNN",0,1
"ASHWOOD Unisex Leather Vintage Backpack Brandy: G-35  …  
 
    B08P57DJ72",0,NA
"ASHWOOD Large Leather Vintage Holdall Black : G-36  …  
 
    B08P56LQGV",0,2
"ASHWOOD Mens Leather Washbag Tan : G-37  …  
 
    B08P57DT2M",0,2
"ASHWOOD Large Leather Vintage Holdall Brandy : G-36  …  
 
    B08P56PYP2",0,5
"ASHWOOD Mens Leather Washbag Black : G-37  …  
 
    B08P56CFZQ",0,10
"ASHWOOD Medium Vintage Wash Leather Travel Bag Tan: G-32  …  
 
    B08P53Q53W",0,5
"ASHWOOD Leather Vintage Medium Flight Shoulder Bag Black : G-33  …  
 
    B08P5257FH",0,4
"ASHWOOD Medium Vintage Wash Leather Travel Bag Black: G-32  …  
 
    B08P53QWLY",0,5
"ASHWOOD Leather Vintage Medium Flight Shoulder Bag Tan : G-33  …  
 
    B08P52ZK5N",0,0
"ASHWOOD Leather Vintage Laptop Work Bag Brandy : G-34  …  
 
    B08P52VTGM",0,5
"ASHWOOD Leather Vintage Laptop Work Bag Tan : G-34  …  
 
    B08P52DZQ5",0,4
"ASHWOOD Leather Vintage Laptop Work Bag Black : G-34  …  
 
    B08P541PG9",0,3
"ASHWOOD Medium Vintage Wash Leather Travel Bag Brandy: G-32  …  
 
    B08P4VP9CW",0,2
"ASHWOOD Leather Vintage Medium Flight Shoulder Bag Brandy : G-33  …  
 
    B08P54SL9Z",0,1
"ASHWOOD Large Vintage Leather Backpack Honey – G28  …  
 
    B08P4YYG81",0,4
"ASHWOOD Large Vintage Leather Handbag Black – G29  …  
 
    B08P52MSL9",0,3
"ASHWOOD Large Vintage Leather Backpack Brandy – G28  …  
 
    B08P527SQR",0,5
"ASHWOOD Large Vintage Leather Handbag Brandy – G29  …  
 
    B08P524JN2",0,5
"ASHWOOD Large Vintage Leather Handbag Honey – G29  …  
 
    B08P4ZQJ9X",0,1
"ASHWOOD Large Vintage Leather Backpack Black – G28  …  
 
    B08P5188G7",0,4
"ASHWOOD Vintage Small Leather Travel Shoulder Bag Brandy Honey – G24  …  
 
    B08P3RJVVM",0,NA
"ASHWOOD Vintage Mini Leather Cross Body Shoulder Bag With Chain Strap Brandy – G27  …  
 
    B08P3SDVJF",0,5
"ASHWOOD Vintage Mini Leather Cross Body Shoulder Bag With Chain Strap Honey – G27  …  
 
    B08P3QJTL2",0,9
"ASHWOOD Medium Vintage Leather Handbag Brandy – G26  …  
 
    B08P3RHGBJ",0,4
"ASHWOOD Small Vintage Leather Backpack Brandy – G25  …  
 
    B08P3QLCZH",0,5
"ASHWOOD Small Vintage Leather Backpack Black – G25  …  
 
    B08P3R11VR",0,6
"ASHWOOD Vintage Small Leather Travel Shoulder Bag Brandy – G24  …  
 
    B08P3SHJ4Z",0,2
"ASHWOOD Medium Vintage Leather Handbag Honey – G26  …  
 
    B08P3S9LW8",0,5
"ASHWOOD Vintage Mini Leather Cross Body Shoulder Bag With Chain Strap Black – G27  …  
 
    B08P3SRYLW",0,4
"ASHWOOD Vintage Small Leather Travel Shoulder Bag Black – G24  …  
 
    B08P3RNVMZ",0,2
"ASHWOOD Small Vintage Leather Backpack Honey – G25  …  
 
    B08P3QTXT1",0,4
"ASHWOOD Medium Vintage Leather Handbag Black – G26  …  
 
    B08P3RBHT1",0,2
"ASHWOOD Vintage Medium Leather Shoulder Bag Honey – G23  …  
 
    B08P25GQM3",0,5
"ASHWOOD Vintage Medium Leather Shoulder Bag Brandy – G23  …  
 
    B08P26H6GR",0,2
"ASHWOOD Vintage Medium Leather Shoulder Bag Black – G23  …  
 
    B08P243ZMB",0,4
"ASHWOOD Vintage Two Pocket Leather Shoulder Bag Brandy – G21  …  
 
    B08P244RRG",0,7
"ASHWOOD Vintage Leather Cross Body Shoulder Bag Honey – G22  …  
 
    B08MQFM3G9",0,8
"ASHWOOD Vintage Two Pocket Leather Shoulder Bag Honey – G21  …  
 
    B08MV4P38Z",0,2
"ASHWOOD Vintage Small Leather Shoulder Bag Black – G20  …  
 
    B08MQ4MVF9",3,5
"Ashwood Large Leather Vintage Holdall Black/mud : F-87  …  
 
    B0848LC72C",0,5
"Ashwood Five Pocket Carry All Leather Messenger Bag Cognac : Pedro  …  
 
    B074WZHCJP",0,4