,ASIN,Product,Amazon stock,LC stock
0,B08PC52T73,"ASHWOOD Vegetable Tanned Leather Bag Black : V-23  …  
 
    ",0,3.0
1,B08PC7M757,"ASHWOOD Vegetable Tanned Leather Bag Navy : V-23  …  
 
    ",0,17.0
2,B08PC5HZP5,"ASHWOOD Vegetable Tanned Leather Bag Chestnut : V-23  …  
 
    ",0,11.0
3,B08P7QTDG4,"ASHWOOD Vegetable Tanned Leather Bag Navy : V-22  …  
 
    ",0,1.0
4,B08P7R58K3,"ASHWOOD Vegetable Tanned Leather Bag Chestnut : V-22  …  
 
    ",0,0.0
5,B08P7RYSK4,"ASHWOOD Vegetable Tanned Leather Bag Black : V-22  …  
 
    ",0,4.0
6,B08P5VTCVD,"ASHWOOD Vegetable Tanned Small Leather Cross body Shoulder Bag Navy : V-21  …  
 
    ",0,
7,B08P5TGN9B,"ASHWOOD Vegetable Tanned Small Leather Cross body Shoulder Bag Black : V-21  …  
 
    ",0,0.0
8,B08P5SSV6Y,"ASHWOOD Small Zip Top Vegetable Tanned Leather Cross Body Bag Black : V-20  …  
 
    ",0,18.0
9,B08P5ST1PJ,"ASHWOOD Vegetable Tanned Small Leather Cross body Shoulder Bag Chestnut : V-21  …  
 
    ",0,20.0
10,B08P5XQDJL,"ASHWOOD Small Zip Top Vegetable Tanned Leather Cross Body Bag Navy : V-20  …  
 
    ",0,19.0
11,B08P5T3G14,"ASHWOOD Small Zip Top Vegetable Tanned Leather Cross Body Bag Chestnut : V-20  …  
 
    ",0,9.0
12,B08P55ZHWJ,"ASHWOOD Large Leather Vintage Holdall Tan : G-36  …  
 
    ",0,1.0
13,B08P566WZZ,"ASHWOOD Unisex Leather Vintage Backpack Black: G-35  …  
 
    ",0,
14,B08P568SNN,"ASHWOOD Mens Leather Washbag Brandy : G-37  …  
 
    ",0,1.0
15,B08P57DJ72,"ASHWOOD Unisex Leather Vintage Backpack Brandy: G-35  …  
 
    ",0,
16,B08P56LQGV,"ASHWOOD Large Leather Vintage Holdall Black : G-36  …  
 
    ",0,2.0
17,B08P57DT2M,"ASHWOOD Mens Leather Washbag Tan : G-37  …  
 
    ",0,2.0
18,B08P56PYP2,"ASHWOOD Large Leather Vintage Holdall Brandy : G-36  …  
 
    ",0,5.0
19,B08P56CFZQ,"ASHWOOD Mens Leather Washbag Black : G-37  …  
 
    ",0,10.0
20,B08P53Q53W,"ASHWOOD Medium Vintage Wash Leather Travel Bag Tan: G-32  …  
 
    ",0,5.0
21,B08P5257FH,"ASHWOOD Leather Vintage Medium Flight Shoulder Bag Black : G-33  …  
 
    ",0,4.0
22,B08P53QWLY,"ASHWOOD Medium Vintage Wash Leather Travel Bag Black: G-32  …  
 
    ",0,5.0
23,B08P52ZK5N,"ASHWOOD Leather Vintage Medium Flight Shoulder Bag Tan : G-33  …  
 
    ",0,0.0
24,B08P52VTGM,"ASHWOOD Leather Vintage Laptop Work Bag Brandy : G-34  …  
 
    ",0,5.0
25,B08P52DZQ5,"ASHWOOD Leather Vintage Laptop Work Bag Tan : G-34  …  
 
    ",0,4.0
26,B08P541PG9,"ASHWOOD Leather Vintage Laptop Work Bag Black : G-34  …  
 
    ",0,3.0
27,B08P4VP9CW,"ASHWOOD Medium Vintage Wash Leather Travel Bag Brandy: G-32  …  
 
    ",0,2.0
28,B08P54SL9Z,"ASHWOOD Leather Vintage Medium Flight Shoulder Bag Brandy : G-33  …  
 
    ",0,1.0
29,B08P4YYG81,"ASHWOOD Large Vintage Leather Backpack Honey – G28  …  
 
    ",0,4.0
30,B08P52MSL9,"ASHWOOD Large Vintage Leather Handbag Black – G29  …  
 
    ",0,3.0
31,B08P527SQR,"ASHWOOD Large Vintage Leather Backpack Brandy – G28  …  
 
    ",0,5.0
32,B08P524JN2,"ASHWOOD Large Vintage Leather Handbag Brandy – G29  …  
 
    ",0,5.0
33,B08P4ZQJ9X,"ASHWOOD Large Vintage Leather Handbag Honey – G29  …  
 
    ",0,1.0
34,B08P5188G7,"ASHWOOD Large Vintage Leather Backpack Black – G28  …  
 
    ",0,4.0
35,B08P3RJVVM,"ASHWOOD Vintage Small Leather Travel Shoulder Bag Brandy Honey – G24  …  
 
    ",0,
36,B08P3SDVJF,"ASHWOOD Vintage Mini Leather Cross Body Shoulder Bag With Chain Strap Brandy – G27  …  
 
    ",0,5.0
37,B08P3QJTL2,"ASHWOOD Vintage Mini Leather Cross Body Shoulder Bag With Chain Strap Honey – G27  …  
 
    ",0,9.0
38,B08P3RHGBJ,"ASHWOOD Medium Vintage Leather Handbag Brandy – G26  …  
 
    ",0,4.0
39,B08P3QLCZH,"ASHWOOD Small Vintage Leather Backpack Brandy – G25  …  
 
    ",0,5.0
40,B08P3R11VR,"ASHWOOD Small Vintage Leather Backpack Black – G25  …  
 
    ",0,6.0
41,B08P3SHJ4Z,"ASHWOOD Vintage Small Leather Travel Shoulder Bag Brandy – G24  …  
 
    ",0,2.0
42,B08P3S9LW8,"ASHWOOD Medium Vintage Leather Handbag Honey – G26  …  
 
    ",0,5.0
43,B08P3SRYLW,"ASHWOOD Vintage Mini Leather Cross Body Shoulder Bag With Chain Strap Black – G27  …  
 
    ",0,4.0
44,B08P3RNVMZ,"ASHWOOD Vintage Small Leather Travel Shoulder Bag Black – G24  …  
 
    ",0,2.0
45,B08P3QTXT1,"ASHWOOD Small Vintage Leather Backpack Honey – G25  …  
 
    ",0,4.0
46,B08P3RBHT1,"ASHWOOD Medium Vintage Leather Handbag Black – G26  …  
 
    ",0,2.0
47,B08P25GQM3,"ASHWOOD Vintage Medium Leather Shoulder Bag Honey – G23  …  
 
    ",0,5.0
48,B08P26H6GR,"ASHWOOD Vintage Medium Leather Shoulder Bag Brandy – G23  …  
 
    ",0,2.0
49,B08P243ZMB,"ASHWOOD Vintage Medium Leather Shoulder Bag Black – G23  …  
 
    ",0,4.0
50,B08P244RRG,"ASHWOOD Vintage Two Pocket Leather Shoulder Bag Brandy – G21  …  
 
    ",0,7.0
51,B08MQFM3G9,"ASHWOOD Vintage Leather Cross Body Shoulder Bag Honey – G22  …  
 
    ",0,8.0
52,B08MV4P38Z,"ASHWOOD Vintage Two Pocket Leather Shoulder Bag Honey – G21  …  
 
    ",0,2.0
53,B08MQ4MVF9,"ASHWOOD Vintage Small Leather Shoulder Bag Black – G20  …  
 
    ",3,5.0
54,B0848LC72C,"Ashwood Large Leather Vintage Holdall Black/mud : F-87  …  
 
    ",0,5.0
55,B074WZHCJP,"Ashwood Five Pocket Carry All Leather Messenger Bag Cognac : Pedro  …  
 
    ",0,4.0
