customs_description,changed
Ladies > Handbags,Ladies > Handbags
January Sale 2021,Sale
Handbags > Ashwood,Ladies > Handbags
Mens > Accessories,Mens > Accessories
Ladies > Ladies Jackets & Coats,Ladies > Leather Jackets
Mens > Leather Jackets > Biker Styles,Mens > Leather Jackets
Ladies > Leather Handbags,Ladies > Handbags
(No assigned category),(No assigned category)
Ladies > Purses,Ladies > Purses
Luggage > Holdall,Luggage
Gift & Accessories > Purses,Ladies > Purses
Handbags > Cross Body Bag,Ladies > Handbags
Ladies > Accessories > Gloves,Ladies > Accessories
Mens > Man Bags & Briefcases > WashBags,Mens > Man Bags & Briefcases
Ladies > Footwear,Ladies > Footwear
Gifts & Deals 2022,Sale
Mens > Man Bags & Briefcases,Mens > Man Bags & Briefcases
Ladies > Leather Jackets > Biker Styles,Ladies > Leather Jackets
Mens > Man Bags & Briefcases > Flight Bags,Mens > Man Bags & Briefcases
Ladies > Deals for HER,Sale
Mens > Man Bags & Briefcases > Laptop Messenger Bags,Mens > Man Bags & Briefcases
Luggage > Backpacks & Rucksacks,Luggage
Gift & Accessories > Ladies Gloves,Ladies > Accessories
Mens > Man Bags & Briefcases > Briefcases,Mens > Man Bags & Briefcases
Mens > Mens Waistcoats,Mens > Leather Jackets
Black Friday Deals 2022,Sale
Home & Living > Rugs,Home & Living
Home & Living > Sheepskin Hot Water Bottle Cover,Home & Living
Home & Living > Leather Stools,Home & Living
Mens > Leather Jackets > Bomber Styles,Mens > Leather Jackets
Gift & Accessories > Cleaning Products,Gift & Accessories
Gift & Accessories > Mens Gloves,Mens > Accessories
Mens > Mens Jackets & Coats,Mens > Leather Jackets
Handbags > Shoulder Bag,Ladies > Handbags
Mens > Footwear,Mens > Footwear
Luggage > ManBags/Briefcases,Mens > Man Bags & Briefcases
Luggage > Suit Carriers,Luggage
Mens > Leather Jackets > Blouson & Casual Styles,Mens > Leather Jackets
Luggage > Trolleys,Luggage
Gift & Accessories > Gift Sets,Gift & Accessories
Sheepskin & Fur > Sheepskin Earmuffs,Sheepskin Earmuffs
Ladies > Leather Jackets > Casual Styles,Ladies > Leather Jackets
Gift & Accessories > Wallets,Mens > Wallets
Sheepskin & Fur > Sheepskin Hats,Sheepskin Hats
Luggage > Ashwood Windmere Collection,Luggage
Home & Living > Sheepskin Cushions,Home & Living
Mens > Man Bags & Briefcases > Toiletry Bags,Mens > Man Bags & Briefcases
Mens > Leather Jackets > 3/4 Styles,Mens > Leather Jackets
Ladies > Accessories > Key Rings,Ladies > Accessories
Ladies > Sheepskin Jackets > Classic Style,Ladies > Sheepskin Jackets
Mens > Sheepskin Jackets > Classic Style,Mens > Sheepskin Jackets
Mens > Leather Jackets > Blazer Styles,Mens > Leather Jackets
Ladies > Accessories,Ladies > Accessories
Ladies > Skirts & Jeans > Skirts & Dresses,Ladies > Skirts & Jeans
Ladies > Deals for HER > Handbags,Ladies > Handbags
Ladies > Skirts & Jeans > Jeans & Trousers,Ladies > Skirts & Jeans
Luggage > Collections,Luggage
Mens > Man Bags & Briefcases > WorkBags,Mens > Man Bags & Briefcases
Luggage > Ashwood Hampstead Travel Range,Luggage
Luggage > Fenland Country Life Collection,Luggage
Sheepskin & Fur > Sheepskin Rugs,Sheepskin Rugs
Gift & Accessories > Purses > Large Purses,Ladies > Purses
Key Holder Copper Brown : 5995,Gift & Accessories
Home & Living > Leather Trunks,Home & Living
Sheepskin & Fur > Ladies Sheepskin Jackets,Ladies > Sheepskin Jackets
Ladies > Ladies Waistcoats,Ladies > Leather Jackets
Luggage > Wash & Toiletry Bags,Luggage
Mens > Man Bags & Briefcases > Backpacks,Mens > Man Bags & Briefcases
Handbags > THE BRIDGE,Ladies > Handbags
Handbags > Ashwood JCF-805,Ladies > Handbags
Home & Living,Home & Living
Ladies > Leather Jackets,Ladies > Leather Jackets
Handbags > 2022 Madrid J-Range,Ladies > Handbags
Ladies > Leather Jackets > Blazer Styles,Ladies > Leather Jackets
Mens > Sheepskin Jackets > Pilot Style,Mens > Sheepskin Jackets
Gift & Accessories > Women's Leather Belts,Ladies > Accessories
Sheepskin & Fur > Kids,Sheepskin & Fur > Kids
Mens > Mens Leather belts,Mens > Accessories
Handbags > Backpacks,Ladies > Handbags
Home & Living > Leather Sofa & Chairs,Home & Living
Sheepskin & Fur > Men's Sheepskin Jackets,Mens > Sheepskin Jackets
Ladies > Sheepskin Jackets > Shearling Style,Ladies > Sheepskin Jackets
Ladies > Leather Jackets > 3/4 Styles,Ladies > Leather Jackets
Sheepskin & Fur > Sheepskin Footwear,Sheepskin & Fur > Footwear
Home & Living > Ashwood TS Collection,Home & Living
Ladies > Deals for HER > Coats & Jackets,Ladies > Leather Jackets
Valentine's Day 2023,Sale
Ladies > Accessories > Purses,Ladies > Purses
Laptop Messenger Bags,Mens > Man Bags & Briefcases
January Sale 2024,Sale
Home & Living > Decorative Ornaments,Home & Living
Sheepskin  Booties Slippers Tan,Sheepskin & Fur > Footwear
Christmas Gifts 2022,Sale
Gift & Accessories > Hats,Gift & Accessories
Ladies > Sheepskin Jackets,Ladies > Sheepskin Jackets
Gift & Accessories > Mens Leather Belts,Mens > Accessories
Home & Living > Leather Bean Bags,Home & Living
Luggage > Leather Tablet & A4 Sleeves,Luggage
Gift & Accessories > Footwear,Gift & Accessories
Mens > Deals for HIM,Sale
Black Friday,Sale
ManBags/Briefcases,Mens > Man Bags & Briefcases
Luggage > Ashwood Mayfair Travel Range,Luggage
Valetine's Deals 2024,Sale
Laptop Messenger Bags,Mens > Man Bags & Briefcases
Mens > Fur Parkas,Mens > Sheepskin Jackets
Ladies > Leather Jackets > Full Length Styles,Ladies > Leather Jackets
Mens > Leather Jackets,Mens > Leather Jackets
Sheepskin & Fur > Ladies Fur Coats > Fur Ponchos,Ladies > Sheepskin Jackets
Ladies,Ladies
Luggage > Carry on case,Luggage
Handbags > 2022 Ashwood Summer Style,Ladies > Handbags
Mens > Sheepskin Jackets,Mens > Sheepskin Jackets
Leather Flight Bags,Mens > Man Bags & Briefcases
Man Bags & Briefcases,Mens > Man Bags & Briefcases
Home & Living > Leather Cushions,Home & Living
Home & Living > Franklin Furniture Collection,Home & Living
Gift & Accessories > Purses > Small Purses,Ladies > Purses