EAN,Product Name,SKU,Stock
5060474522755,61648 | BLACK | Size:ONE SIZE,0003224800,
5060821280260,V-24 | CHESTNUT | Size:ONE SIZE,0003856800,
5060821281441,V-21 | NAVY | Size:ONE SIZE,0003855800,
5060821281526,V-24 | BLACK | Size:ONE SIZE,0003856600,
5060821281533,V-24 | NAVY | Size:ONE SIZE,0003856700,
5060821287269,C-50 | BLK/CROC | Size:ONE SIZE,0004473200,
5060821287276,C-50 | GREEN/CROC | Size:ONE SIZE,0004473400,
5060821288341,63788 croc | GREEN/CROC | Size:ONE SIZE,0004507900,
5060821288488,C-50 | TAN/CROC | Size:ONE SIZE,0004473300,
5060821289454,62551 | BLACK | Size:ONE SIZE,0003754900,
5060821289485,62551 | TAN | Size:ONE SIZE,0003755800,
5060821289508,62320 | BLACK | Size:ONE SIZE,0004509400,
5060999700461,mc 5 | BLK/CROC | Size:ONE SIZE,0004559400,
5060999701291,ph-2 | GREY | Size:ONE SIZE,0004530700,
5060999702106,s1 | DENIM BLUE | Size:ONE SIZE,0004523100,
5060999702120,s1 | NAVY | Size:ONE SIZE,0004523000,
5060999702137,s1 | poppy red | Size:ONE SIZE,0004523200,
5060999702168,s2 | DENIM BLUE | Size:ONE SIZE,0004523600,
5060999702229,s3 | DENIM BLUE | Size:ONE SIZE,0004524200,
5060999702236,s3 | MANDARIN | Size:ONE SIZE,0004524300,
5060999702243,s3 | NAVY | Size:ONE SIZE,0004524400,
5060999702250,s3 | poppy red | Size:ONE SIZE,0004524500,
5060999702267,s3 | TWO TONE TAN | Size:ONE SIZE,0004524600,
5060999702588,J-11 | BLK/LEOPARD | Size:ONE SIZE,0004282000,
5060999702625,J-12 | BLK/LEOPARD | Size:ONE SIZE,0004282400,
5060999702663,J-13 | AURORA | Size:ONE SIZE,0004282800,
5060999702670,J-13 | BLACK | Size:ONE SIZE,0004282700,
5060999702687,J-13 | GUMDROP GREEN | Size:ONE SIZE,0004282900,
5060999703301,SB CROSS BODY | AQUA BLUE | Size:ONE SIZE,0004303700,
5060999703318,SB CROSS BODY | AUBERGINE | Size:ONE SIZE,0004302400,
5060999703332,SB CROSS BODY | BLUE | Size:ONE SIZE,0004304500,
5060999703349,SB CROSS BODY | BLUE DEPTH | Size:ONE SIZE,0004304100,
5060999703356,SB CROSS BODY | CAMEL | Size:ONE SIZE,0004301700,
5060999703363,SB CROSS BODY | CHILLI | Size:ONE SIZE,0004304200,
5060999703370,SB CROSS BODY | DARK GREY | Size:ONE SIZE,0004303200,
5060999703387,SB CROSS BODY | FUCHSIA | Size:ONE SIZE,0004302900,
5060999703424,SB CROSS BODY | INK | Size:ONE SIZE,0004302500,
5060999703431,SB CROSS BODY | INK BLUE | Size:ONE SIZE,0004303300,
5060999703448,SB CROSS BODY | KHAKI | Size:ONE SIZE,0004303900,
5060999703455,SB CROSS BODY | LILAC GREY | Size:ONE SIZE,0004302600,
5060999703462,SB CROSS BODY | LILIPAD | Size:ONE SIZE,0004304400,
5060999703479,SB CROSS BODY | MARITIM BLUE | Size:ONE SIZE,0004304000,
5060999703486,SB CROSS BODY | MUSHROOM | Size:ONE SIZE,0004304600,
5060999703509,SB CROSS BODY | ORANGE | Size:ONE SIZE,0004302300,
5060999703523,SB CROSS BODY | POWDER PINK | Size:ONE SIZE,0004302200,
5060999703554,SB CROSS BODY | SLATE GREY | Size:ONE SIZE,0004303500,
5060999703585,SB CROSS BODY | TWO TONE TAN | Size:ONE SIZE,0004301900,
5060999703684,C-52 | BLACK | Size:ONE SIZE,0004149300,
5060999704568,64033 | CAMEL | Size:ONE SIZE,0004555800,
5060999704575,64033 | charcoal grey | Size:ONE SIZE,0004556500,
5060999704582,64033 | COGNAC | Size:ONE SIZE,0004555900,
5060999704599,64033 | DARK NAVY | Size:ONE SIZE,0004556000,
5060999704612,64033 | fudge | Size:ONE SIZE,0004556700,
5060999704629,64033 | GLOME BLUE | Size:ONE SIZE,0004556100,
5060999704636,64033 | indus tan | Size:ONE SIZE,0004556800,
5060999704643,64033 | OLIVE | Size:ONE SIZE,0004556200,
5060999704650,64033 | TAN | Size:ONE SIZE,0004556300,
5060999704667,64033 | TOFFEE | Size:ONE SIZE,0004556400,
5060999705169,64033 | WINE | Size:ONE SIZE,0004592700,
5060999705190,63033/cb4 | GREEN | Size:ONE SIZE,0004592200,
5060999705213,63033/cb4 | mahogany | Size:ONE SIZE,0004592500,
5060999705237,64033 | AUBERGINE | Size:ONE SIZE,0004592800,
5060999705244,64033 | TEAL | Size:ONE SIZE,0004592900,
5060999705275,TAB | croc bordo | Size:ONE SIZE,0004504000,
5060999705305,TAB | croc mushroom | Size:ONE SIZE,0004504300,
5060999705312,TAB | croc navy | Size:ONE SIZE,0004504500,
5060999705329,TAB | croc olive | Size:ONE SIZE,0004504900,
5060999705343,TAB | croc tan | Size:ONE SIZE,0004504600,
5060999705916,TRAVEL SET | BLUSH | Size:ONE SIZE,0004371600,
5060999705992,62646 S | BLACK | Size:ONE SIZE,0004113000,
5060999706005,62646 S | ICE GREY | Size:ONE SIZE,0004113900,
5060999706029,62646 S | LT BLUE | Size:ONE SIZE,0004113300,
5060999706067,62394 | BLACK | Size:ONE SIZE,0003714100,
5060999706500,C-52 | TEAL | Size:ONE SIZE,0004149200,
5060999706524,C-52 | BORDUEX | Size:ONE SIZE,0004151300,
5060999706531,C-53 | BLACK | Size:ONE SIZE,0004149500,
5060999706555,C-53 | GREEN | Size:ONE SIZE,0004149800,
5060999706586,C-54 | BLACK | Size:ONE SIZE,0004149900,
5060999706630,C-55 | BLACK | Size:ONE SIZE,0004150300,
5061027911309,63931 | BLACK | Size:ONE SIZE,0004928100,
5061027911668,64198 | BLACK | Size:ONE SIZE,0004930800,
5061042995285,D-70 | COGNAC | Size:ONE SIZE,0004029600,
5061042995728,D-74 | COGNAC | Size:ONE SIZE,0004032400,
5061042996398,D-83 | GREEN | Size:ONE SIZE,0004037800,
5061042996404,D-83 | ORANGE | Size:ONE SIZE,0004037700,
5061042996497,J-53 | BLUE ATOLL | Size:ONE SIZE,0004285400,
5061042996510,J-53 | AURORA | Size:ONE SIZE,0004285900,
5061042996534,J-53 | WINTER SKY | Size:ONE SIZE,0004285800,
5061042996596,J-54 | GUMDROP GREEN | Size:ONE SIZE,0004286800,
5061042996701,J-56 | RASPBERRY | Size:ONE SIZE,0004288400,
5061042999986,D-73 | TAUPE | Size:ONE SIZE,0004031900,
5061049606139,awl 880 | TAUPE | Size:26,0005060510,
5061049606146,awl 880 | TAUPE | Size:28,0005060511,
5061049606153,awl 880 | BLACK | Size:6,0005143000,
5061049606252,awl 880 | BLACK | Size:26,0005143010,
5061049606269,awl 880 | BLACK | Size:28,0005143011,
5061049606276,awl 880 | NAVY | Size:6,0005144200,
5061049606375,awl 880 | NAVY | Size:26,0005144210,
5061049606382,awl 880 | NAVY | Size:28,0005144211,
5061049606399,10157 | BLACK | Size:6,0002080400,
5061049606498,10157 | BLACK | Size:26,0002080410,
5061049606504,10157 | BLACK | Size:28,0002080411,
5061049606511,10157 | NAVY | Size:6,0001583100,
5061049606610,10157 | NAVY | Size:26,0001583110,
5061049606627,10157 | NAVY | Size:28,0001583111,
5061049606634,10157 | OXBLOOD | Size:6,0005109400,
5061049606733,10157 | OXBLOOD | Size:26,0005109410,
5061049606740,10157 | OXBLOOD | Size:28,0005109411,
5061049606757,10157 | TAUPE | Size:6,0005110600,
5061049606856,10157 | TAUPE | Size:26,0005110610,
5061049606863,10157 | TAUPE | Size:28,0005110611,
5061049606870,aw-2255 | BLACK | Size:XS,0005117802,
5061049606979,aw-2255 | NAVY | Size:XS,0005119302,
5061049607075,aw-2255 | OXBLOOD | Size:XS,0005120802,
5061049607174,aw-2255 | TAN | Size:XS,0005122302,
