NumberType: GTIN-13,,,,,,,,,
Prefix: 506102791,,,,,,,,,
,,,,,,,,,
Number,Status,Product Name,Description,Main Brand,Sub Brand,Product Link,MPN,SKU,Updated
5061027910258,Active,GB MILO | BLACK | Size:ONE SIZE,GB MILO | BLACK | Size:ONE SIZE | Mens Leather Washbag Black: GB Milo,Ashwood,N/A,https://www.leathercompany.co.uk/mens-c4/mens-leather-washbag-black-gb-milo-p6356,N/A,0004413100,16/08/2023 11:53:07
5061027910265,Active,GB MILO | CHESTNUT | Size:ONE SIZE,GB MILO | CHESTNUT | Size:ONE SIZE | Mens Leather Washbag Chestnut: GB Milo,Ashwood,N/A,https://www.leathercompany.co.uk/mens-c4/mens-leather-washbag-chestnut-gb-milo-p6357,N/A,0004413200,16/08/2023 11:57:24
5061027910333,Active,GB JOE | BLACK | Size:ONE SIZE,GB JOE | BLACK | Size:ONE SIZE | Mens Leather Laptop Messenger Bag Black: Joe,Ashwood,N/A,https://www.leathercompany.co.uk/ladies-c3/mens-leather-laptop-messenger-bag-black-joe-p6350,N/A,0004413300,16/08/2023 13:32:13
5061027910340,Active,GB JOE | CHESTNUT | Size:ONE SIZE,GB JOE | CHESTNUT | Size:ONE SIZE | Mens Leather Laptop Messenger Bag Chestnut: Joe,Ashwood,N/A,https://www.leathercompany.co.uk/ladies-c3/mens-leather-laptop-messenger-bag-chestnut-joe-p6351,N/A,0004413400,16/08/2023 13:33:10
5061027910296,Active,GB BLAKE | BLACK | Size:ONE SIZE,GB BLAKE | BLACK | Size:ONE SIZE | Mens Leather Messenger Bag Black: Blake,Ashwood,N/A,https://www.leathercompany.co.uk/mens-c4/man-bags-briefcases-c12/laptop-messenger-bags-c113/mens-leather-messenger-bag-black-blake-p6346,N/A,0004413500,16/08/2023 12:21:24
5061027910302,Active,GB BLAKE | CHESTNUT | Size:ONE SIZE,GB BLAKE | CHESTNUT | Size:ONE SIZE | Mens Leather Messenger Bag Chestnut: Blake,Ashwood,N/A,https://www.leathercompany.co.uk/mens-c4/man-bags-briefcases-c12/laptop-messenger-bags-c113/mens-leather-messenger-bag-chestnut-blake-p6347,N/A,0004413600,16/08/2023 12:23:34
5061027910319,Active,GB LOGAN | BLACK | Size:ONE SIZE,GB LOGAN | BLACK | Size:ONE SIZE | Mens Leather Messenger Bag Black: GB Logan,Ashwood,N/A,https://www.leathercompany.co.uk/ladies-c3/mens-leather-messenger-bag-black-gb-logan-p6354,N/A,0004413700,16/08/2023 12:32:16
5061027910326,Active,GB LOGAN | CHESTNUT | Size:ONE SIZE,GB LOGAN | CHESTNUT | Size:ONE SIZE | Mens Leather Messenger Bag Chestnut: GB Logan,Ashwood,N/A,https://www.leathercompany.co.uk/ladies-c3/mens-leather-messenger-bag-chestnut-gb-logan-p6355,N/A,0004413800,16/08/2023 12:33:50
5061027910272,Active,GB JORDAN | BLACK | Size:ONE SIZE,GB JORDAN | BLACK | Size:ONE SIZE | Mens Leather Backpack Black: GB Jordan,Ashwood,N/A,https://www.leathercompany.co.uk/ladies-c3/mens-leather-backpack-black-gb-jordan-p6352,N/A,0004413900,16/08/2023 12:01:16
5061027910289,Active,GB JORDAN | CHESTNUT | Size:ONE SIZE,GB JORDAN | CHESTNUT | Size:ONE SIZE | Mens Leather Backpack Chestnut: GB Jordan,Ashwood,N/A,https://www.leathercompany.co.uk/ladies-c3/mens-leather-backpack-chestnut-gb-jordan-p6353,N/A,0004414000,16/08/2023 12:03:36
5061027910234,Active,GB CALVIN | BLACK | Size:ONE SIZE,GB CALVIN | BLACK | Size:ONE SIZE | Mens Leather Holdall Weekend Bag Black: Calvin,Ashwood,N/A,https://www.leathercompany.co.uk/ladies-c3/mens-leather-holdall-weekend-bag-black-calvin-p6348,N/A,0004414100,15/08/2023 16:21:32
5061027910241,Active,GB CALVIN | CHESTNUT | Size:ONE SIZE,GB CALVIN | CHESTNUT | Size:ONE SIZE | Mens Leather Holdall Weekend Bag Chestnut: Calvin,Ashwood,N/A,https://www.leathercompany.co.uk/ladies-c3/mens-leather-holdall-weekend-bag-chestnut-calvin-p6349,N/A,0004414200,15/08/2023 16:24:42
5061027910005,Active,gb-530 | BROWN | Size:L/XL,gb-530 | BROWN | Size:L/XL | Men's Leather Gloves Brown: GB-530,Ashwood,N/A,https://www.leathercompany.co.uk/gift-accessories-c8/mens-gloves-c37/mens-leather-gloves-brown-gb-530-p7284,N/A,0004792702,03/08/2023 13:43:47
5061027910012,Active,gb-535 | BLACK/TAN | Size:S/M,gb-535 | BLACK/TAN | Size:S/M | Men's Leather Gloves Black/tan: GB-535,Ashwood,N/A,https://www.leathercompany.co.uk/gift-accessories-c8/mens-gloves-c37/mens-leather-gloves-black-tan-gb-535-p7285,N/A,0004793000,03/08/2023 13:47:23
5061027910036,Active,gb-535 | BLACK/TAN | Size:M/L,gb-535 | BLACK/TAN | Size:M/L | Men's Leather Gloves Black/tan: GB-535,Ashwood,N/A,https://www.leathercompany.co.uk/gift-accessories-c8/mens-gloves-c37/mens-leather-gloves-black-tan-gb-535-p7285,N/A,0004793001,03/08/2023 13:49:26
5061027910029,Active,gb-535 | BLACK/TAN | Size:L/XL,gb-535 | BLACK/TAN | Size:L/XL | Men's Leather Gloves Black/tan: GB-535,Ashwood,N/A,https://www.leathercompany.co.uk/gift-accessories-c8/mens-gloves-c37/mens-leather-gloves-black-tan-gb-535-p7285,N/A,0004793002,03/08/2023 13:48:22
5061027910043,Active,gb-535 | TAN/BLK | Size:S/M,gb-535 | TAN/BLK | Size:S/M | Men's Leather Gloves Tan/black: GB-535,Ashwood,N/A,https://www.leathercompany.co.uk/gift-accessories-c8/mens-gloves-c37/mens-leather-gloves-tan-black-gb-535-p7286,N/A,0004793300,03/08/2023 13:51:41
5061027910050,Active,gb-535 | TAN/BLK | Size:M/L,gb-535 | TAN/BLK | Size:M/L | Men's Leather Gloves Tan/black: GB-535,Ashwood,N/A,https://www.leathercompany.co.uk/gift-accessories-c8/mens-gloves-c37/mens-leather-gloves-tan-black-gb-535-p7286,N/A,0004793301,03/08/2023 13:52:31
5061027910067,Active,gb-535 | TAN/BLK | Size:L/XL,gb-535 | TAN/BLK | Size:L/XL | Men's Leather Gloves Tan/black: GB-535,Ashwood,N/A,https://www.leathercompany.co.uk/gift-accessories-c8/mens-gloves-c37/mens-leather-gloves-tan-black-gb-535-p7286,N/A,0004793302,03/08/2023 13:53:39
5061027915666,Active,awl-blazer | BLACK | Size:8,awl-blazer | BLACK | Size:8 | Womens Leather Fashion Single Breasted Blazer Black: AWL-Blazer,Ashwood,N/A,https://www.leathercompany.co.uk/ladies-c3/leather-jackets-c9/blazer-styles-c79/womens-leather-fashion-single-breasted-blazer-black-awl-blazer-p7637,N/A,0004857701,23/11/2023 15:34:37
5061027915673,Active,awl-blazer | BLACK | Size:10,awl-blazer | BLACK | Size:10 | Womens Leather Fashion Single Breasted Blazer Black: AWL-Blazer,Ashwood,N/A,https://www.leathercompany.co.uk/ladies-c3/leather-jackets-c9/blazer-styles-c79/womens-leather-fashion-single-breasted-blazer-black-awl-blazer-p7637,N/A,0004857702,23/11/2023 15:35:49
5061027915680,Active,awl-blazer | BLACK | Size:12,awl-blazer | BLACK | Size:12 | Womens Leather Fashion Single Breasted Blazer Black: AWL-Blazer,Ashwood,N/A,https://www.leathercompany.co.uk/ladies-c3/leather-jackets-c9/blazer-styles-c79/womens-leather-fashion-single-breasted-blazer-black-awl-blazer-p7637,N/A,0004857703,23/11/2023 15:38:38
5061027915697,Active,awl-blazer | BLACK | Size:14,awl-blazer | BLACK | Size:14 | Womens Leather Fashion Single Breasted Blazer Black: AWL-Blazer,Ashwood,N/A,https://www.leathercompany.co.uk/ladies-c3/leather-jackets-c9/blazer-styles-c79/womens-leather-fashion-single-breasted-blazer-black-awl-blazer-p7637,N/A,0004857704,23/11/2023 15:39:27
5061027915703,Active,awl-blazer | BLACK | Size:16,awl-blazer | BLACK | Size:16 | Womens Leather Fashion Single Breasted Blazer Black: AWL-Blazer,Ashwood,N/A,https://www.leathercompany.co.uk/ladies-c3/leather-jackets-c9/blazer-styles-c79/womens-leather-fashion-single-breasted-blazer-black-awl-blazer-p7637,N/A,0004857705,23/11/2023 15:42:48
5061027915710,Active,awl-blazer | BLACK | Size:18,awl-blazer | BLACK | Size:18 | Womens Leather Fashion Single Breasted Blazer Black: AWL-Blazer,Ashwood,N/A,https://www.leathercompany.co.uk/ladies-c3/leather-jackets-c9/blazer-styles-c79/womens-leather-fashion-single-breasted-blazer-black-awl-blazer-p7637,N/A,0004857706,23/11/2023 15:43:40
5061027915727,Active,awl-blazer | BLACK | Size:20,awl-blazer | BLACK | Size:20 | Womens Leather Fashion Single Breasted Blazer Black: AWL-Blazer,Ashwood,N/A,https://www.leathercompany.co.uk/ladies-c3/leather-jackets-c9/blazer-styles-c79/womens-leather-fashion-single-breasted-blazer-black-awl-blazer-p7637,N/A,0004857707,23/11/2023 15:44:35
5061027915734,Active,awl-blazer | BLACK | Size:22,awl-blazer | BLACK | Size:22 | Womens Leather Fashion Single Breasted Blazer Black: AWL-Blazer,Ashwood,N/A,https://www.leathercompany.co.uk/ladies-c3/leather-jackets-c9/blazer-styles-c79/womens-leather-fashion-single-breasted-blazer-black-awl-blazer-p7637,N/A,0004857708,23/11/2023 15:45:22
5061027915741,Active,awl-blazer | BLACK | Size:24,awl-blazer | BLACK | Size:24 | Womens Leather Fashion Single Breasted Blazer Black: AWL-Blazer,Ashwood,N/A,https://www.leathercompany.co.uk/ladies-c3/leather-jackets-c9/blazer-styles-c79/womens-leather-fashion-single-breasted-blazer-black-awl-blazer-p7637,N/A,0004857709,23/11/2023 15:46:07
5061027915758,Active,awl-blazer | TAN | Size:8,awl-blazer | TAN | Size:8 | Womens Leather Fashion Single Breasted Blazer Tan: AWL-Blazer,Ashwood,N/A,https://www.leathercompany.co.uk/ladies-c3/leather-jackets-c9/blazer-styles-c79/womens-leather-fashion-single-breasted-blazer-tan-awl-blazer-p7638,N/A,0004858901,23/11/2023 17:27:51
5061027915765,Active,awl-blazer | TAN | Size:10,awl-blazer | TAN | Size:10 | Womens Leather Fashion Single Breasted Blazer Tan: AWL-Blazer,Ashwood,N/A,https://www.leathercompany.co.uk/ladies-c3/leather-jackets-c9/blazer-styles-c79/womens-leather-fashion-single-breasted-blazer-tan-awl-blazer-p7638,N/A,0004858902,24/11/2023 12:08:23
5061027915772,Active,awl-blazer | TAN | Size:12,awl-blazer | TAN | Size:12 | Womens Leather Fashion Single Breasted Blazer Tan: AWL-Blazer,Ashwood,N/A,https://www.leathercompany.co.uk/ladies-c3/leather-jackets-c9/blazer-styles-c79/womens-leather-fashion-single-breasted-blazer-tan-awl-blazer-p7638,N/A,0004858903,24/11/2023 12:09:11
5061027915789,Active,awl-blazer | TAN | Size:14,awl-blazer | TAN | Size:14 | Womens Leather Fashion Single Breasted Blazer Tan: AWL-Blazer,Ashwood,N/A,https://www.leathercompany.co.uk/ladies-c3/leather-jackets-c9/blazer-styles-c79/womens-leather-fashion-single-breasted-blazer-tan-awl-blazer-p7638,N/A,0004858904,24/11/2023 12:09:55
5061027915796,Active,awl-blazer | TAN | Size:16,awl-blazer | TAN | Size:16 | Womens Leather Fashion Single Breasted Blazer Tan: AWL-Blazer,Ashwood,N/A,https://www.leathercompany.co.uk/ladies-c3/leather-jackets-c9/blazer-styles-c79/womens-leather-fashion-single-breasted-blazer-tan-awl-blazer-p7638,N/A,0004858905,24/11/2023 12:10:43
5061027915802,Active,awl-blazer | TAN | Size:18,awl-blazer | TAN | Size:18 | Womens Leather Fashion Single Breasted Blazer Tan: AWL-Blazer,Ashwood,N/A,https://www.leathercompany.co.uk/ladies-c3/leather-jackets-c9/blazer-styles-c79/womens-leather-fashion-single-breasted-blazer-tan-awl-blazer-p7638,N/A,0004858906,24/11/2023 12:11:31
5061027915819,Active,awl-blazer | TAN | Size:20,awl-blazer | TAN | Size:20 | Womens Leather Fashion Single Breasted Blazer Tan: AWL-Blazer,Ashwood,N/A,https://www.leathercompany.co.uk/ladies-c3/leather-jackets-c9/blazer-styles-c79/womens-leather-fashion-single-breasted-blazer-tan-awl-blazer-p7638,N/A,0004858907,24/11/2023 12:24:45
5061027915826,Active,awl-blazer | TAN | Size:22,awl-blazer | TAN | Size:22 | Womens Leather Fashion Single Breasted Blazer Tan: AWL-Blazer,Ashwood,N/A,https://www.leathercompany.co.uk/ladies-c3/leather-jackets-c9/blazer-styles-c79/womens-leather-fashion-single-breasted-blazer-tan-awl-blazer-p7638,N/A,0004858908,24/11/2023 12:25:36
5061027915833,Active,awl-blazer | TAN | Size:24,awl-blazer | TAN | Size:24 | Womens Leather Fashion Single Breasted Blazer Tan: AWL-Blazer,Ashwood,N/A,https://www.leathercompany.co.uk/ladies-c3/leather-jackets-c9/blazer-styles-c79/womens-leather-fashion-single-breasted-blazer-tan-awl-blazer-p7638,N/A,0004858909,24/11/2023 12:26:20
5061027915840,Active,awl-blazer | TAUPE | Size:8,awl-blazer | TAUPE | Size:8 | Womens Leather Fashion Single Breasted Blazer Taupe: AWL-Blazer,Ashwood,N/A,https://www.leathercompany.co.uk/ladies-c3/leather-jackets-c9/blazer-styles-c79/womens-leather-fashion-single-breasted-blazer-taupe-awl-blazer-p7639,N/A,0004860101,24/11/2023 14:19:29
5061027915857,Active,awl-blazer | TAUPE | Size:10,awl-blazer | TAUPE | Size:10 | Womens Leather Fashion Single Breasted Blazer Taupe: AWL-Blazer,Ashwood,N/A,https://www.leathercompany.co.uk/ladies-c3/leather-jackets-c9/blazer-styles-c79/womens-leather-fashion-single-breasted-blazer-taupe-awl-blazer-p7639,N/A,0004860102,24/11/2023 14:21:36
5061027915864,Active,awl-blazer | TAUPE | Size:12,awl-blazer | TAUPE | Size:12 | Womens Leather Fashion Single Breasted Blazer Taupe: AWL-Blazer,Ashwood,N/A,https://www.leathercompany.co.uk/ladies-c3/leather-jackets-c9/blazer-styles-c79/womens-leather-fashion-single-breasted-blazer-taupe-awl-blazer-p7639,N/A,0004860103,24/11/2023 14:23:32
5061027915871,Active,awl-blazer | TAUPE | Size:14,awl-blazer | TAUPE | Size:14 | Womens Leather Fashion Single Breasted Blazer Taupe: AWL-Blazer,Ashwood,N/A,https://www.leathercompany.co.uk/ladies-c3/leather-jackets-c9/blazer-styles-c79/womens-leather-fashion-single-breasted-blazer-taupe-awl-blazer-p7639,N/A,0004860104,24/11/2023 14:26:51
5061027915888,Active,awl-blazer | TAUPE | Size:16,awl-blazer | TAUPE | Size:16 | Womens Leather Fashion Single Breasted Blazer Taupe: AWL-Blazer,Ashwood,N/A,https://www.leathercompany.co.uk/ladies-c3/leather-jackets-c9/blazer-styles-c79/womens-leather-fashion-single-breasted-blazer-taupe-awl-blazer-p7639,N/A,0004860105,24/11/2023 14:27:41
5061027915895,Active,awl-blazer | TAUPE | Size:18,awl-blazer | TAUPE | Size:18 | Womens Leather Fashion Single Breasted Blazer Taupe: AWL-Blazer,Ashwood,N/A,https://www.leathercompany.co.uk/ladies-c3/leather-jackets-c9/blazer-styles-c79/womens-leather-fashion-single-breasted-blazer-taupe-awl-blazer-p7639,N/A,0004860106,24/11/2023 14:29:39
5061027915901,Active,awl-blazer | TAUPE | Size:20,awl-blazer | TAUPE | Size:20 | Womens Leather Fashion Single Breasted Blazer Taupe: AWL-Blazer,Ashwood,N/A,https://www.leathercompany.co.uk/ladies-c3/leather-jackets-c9/blazer-styles-c79/womens-leather-fashion-single-breasted-blazer-taupe-awl-blazer-p7639,N/A,0004860107,24/11/2023 14:39:09
5061027915918,Active,awl-blazer | TAUPE | Size:22,awl-blazer | TAUPE | Size:22 | Womens Leather Fashion Single Breasted Blazer Taupe: AWL-Blazer,Ashwood,N/A,https://www.leathercompany.co.uk/ladies-c3/leather-jackets-c9/blazer-styles-c79/womens-leather-fashion-single-breasted-blazer-taupe-awl-blazer-p7639,N/A,0004860108,24/11/2023 14:41:16
5061027915925,Active,awl-blazer | TAUPE | Size:24,awl-blazer | TAUPE | Size:24 | Womens Leather Fashion Single Breasted Blazer Taupe: AWL-Blazer,Ashwood,N/A,https://www.leathercompany.co.uk/ladies-c3/leather-jackets-c9/blazer-styles-c79/womens-leather-fashion-single-breasted-blazer-taupe-awl-blazer-p7639,N/A,0004860109,24/11/2023 14:42:10
5061027912238,Active,awl-284 | BLACK | Size:8,awl-284 | BLACK | Size:8 | Women's Collarless Leather Fashion Jacket Black: AWL-284,Ashwood,N/A,https://www.leathercompany.co.uk/ladies-c3/leather-jackets-c9/casual-styles-c124/womens-collarless-leather-fashion-jacket-black-awl-284-p7632,N/A,0004861301,20/09/2023 13:41:19
5061027912245,Active,awl-284 | BLACK | Size:10,awl-284 | BLACK | Size:10 | Women's Collarless Leather Fashion Jacket Black: AWL-284,Ashwood,N/A,https://www.leathercompany.co.uk/ladies-c3/leather-jackets-c9/casual-styles-c124/womens-collarless-leather-fashion-jacket-black-awl-284-p7632,N/A,0004861302,20/09/2023 13:42:04
5061027912252,Active,awl-284 | BLACK | Size:12,awl-284 | BLACK | Size:12 | Women's Collarless Leather Fashion Jacket Black: AWL-284,Ashwood,N/A,https://www.leathercompany.co.uk/ladies-c3/leather-jackets-c9/casual-styles-c124/womens-collarless-leather-fashion-jacket-black-awl-284-p7632,N/A,0004861303,20/09/2023 13:42:47
5061027912269,Active,awl-284 | BLACK | Size:14,awl-284 | BLACK | Size:14 | Women's Collarless Leather Fashion Jacket Black: AWL-284,Ashwood,N/A,https://www.leathercompany.co.uk/ladies-c3/leather-jackets-c9/casual-styles-c124/womens-collarless-leather-fashion-jacket-black-awl-284-p7632,N/A,0004861304,20/09/2023 13:43:32
5061027912276,Active,awl-284 | BLACK | Size:16,awl-284 | BLACK | Size:16 | Women's Collarless Leather Fashion Jacket Black: AWL-284,Ashwood,N/A,https://www.leathercompany.co.uk/ladies-c3/leather-jackets-c9/casual-styles-c124/womens-collarless-leather-fashion-jacket-black-awl-284-p7632,N/A,0004861305,20/09/2023 13:44:28
5061027912283,Active,awl-284 | BLACK | Size:18,awl-284 | BLACK | Size:18 | Women's Collarless Leather Fashion Jacket Black: AWL-284,Ashwood,N/A,https://www.leathercompany.co.uk/ladies-c3/leather-jackets-c9/casual-styles-c124/womens-collarless-leather-fashion-jacket-black-awl-284-p7632,N/A,0004861306,20/09/2023 13:46:16
5061027912290,Active,awl-284 | BLACK | Size:20,awl-284 | BLACK | Size:20 | Women's Collarless Leather Fashion Jacket Black: AWL-284,Ashwood,N/A,https://www.leathercompany.co.uk/ladies-c3/leather-jackets-c9/casual-styles-c124/womens-collarless-leather-fashion-jacket-black-awl-284-p7632,N/A,0004861307,20/09/2023 13:47:24
5061027912306,Active,awl-284 | BLACK | Size:22,awl-284 | BLACK | Size:22 | Women's Collarless Leather Fashion Jacket Black: AWL-284,Ashwood,N/A,https://www.leathercompany.co.uk/ladies-c3/leather-jackets-c9/casual-styles-c124/womens-collarless-leather-fashion-jacket-black-awl-284-p7632,N/A,0004861308,20/09/2023 13:48:16
5061027912313,Active,awl-284 | BLACK | Size:24,awl-284 | BLACK | Size:24 | Women's Collarless Leather Fashion Jacket Black: AWL-284,Ashwood,N/A,https://www.leathercompany.co.uk/ladies-c3/leather-jackets-c9/casual-styles-c124/womens-collarless-leather-fashion-jacket-black-awl-284-p7632,N/A,0004861309,20/09/2023 13:49:16
5061027912320,Active,awl-284 | NAVY | Size:8,awl-284 | NAVY | Size:8 | Women's Collarless Leather Fashion Jacket Navy: AWL-284,Ashwood,N/A,https://www.leathercompany.co.uk/ladies-c3/leather-jackets-c9/casual-styles-c124/womens-collarless-leather-fashion-jacket-navy-awl-284-p7633,N/A,0004862501,20/09/2023 14:27:30
5061027912337,Active,awl-284 | NAVY | Size:10,awl-284 | NAVY | Size:10 | Women's Collarless Leather Fashion Jacket Navy: AWL-284,Ashwood,N/A,https://www.leathercompany.co.uk/ladies-c3/leather-jackets-c9/casual-styles-c124/womens-collarless-leather-fashion-jacket-navy-awl-284-p7633,N/A,0004862502,20/09/2023 14:28:43
5061027912344,Active,awl-284 | NAVY | Size:12,awl-284 | NAVY | Size:12 | Women's Collarless Leather Fashion Jacket Navy: AWL-284,Ashwood,N/A,https://www.leathercompany.co.uk/ladies-c3/leather-jackets-c9/casual-styles-c124/womens-collarless-leather-fashion-jacket-navy-awl-284-p7633,N/A,0004862503,20/09/2023 14:29:29
5061027912351,Active,awl-284 | NAVY | Size:14,awl-284 | NAVY | Size:14 | Women's Collarless Leather Fashion Jacket Navy: AWL-284,Ashwood,N/A,https://www.leathercompany.co.uk/ladies-c3/leather-jackets-c9/casual-styles-c124/womens-collarless-leather-fashion-jacket-navy-awl-284-p7633,N/A,0004862504,20/09/2023 14:30:27
5061027912368,Active,awl-284 | NAVY | Size:16,awl-284 | NAVY | Size:16 | Women's Collarless Leather Fashion Jacket Navy: AWL-284,Ashwood,N/A,https://www.leathercompany.co.uk/ladies-c3/leather-jackets-c9/casual-styles-c124/womens-collarless-leather-fashion-jacket-navy-awl-284-p7633,N/A,0004862505,20/09/2023 14:31:20
5061027912375,Active,awl-284 | NAVY | Size:18,awl-284 | NAVY | Size:18 | Women's Collarless Leather Fashion Jacket Navy: AWL-284,Ashwood,N/A,https://www.leathercompany.co.uk/ladies-c3/leather-jackets-c9/casual-styles-c124/womens-collarless-leather-fashion-jacket-navy-awl-284-p7633,N/A,0004862506,20/09/2023 14:32:51
5061027912382,Active,awl-284 | NAVY | Size:20,awl-284 | NAVY | Size:20 | Women's Collarless Leather Fashion Jacket Navy: AWL-284,Ashwood,N/A,https://www.leathercompany.co.uk/ladies-c3/leather-jackets-c9/casual-styles-c124/womens-collarless-leather-fashion-jacket-navy-awl-284-p7633,N/A,0004862507,20/09/2023 14:42:51
5061027912399,Active,awl-284 | NAVY | Size:22,awl-284 | NAVY | Size:22 | Women's Collarless Leather Fashion Jacket Navy: AWL-284,Ashwood,N/A,https://www.leathercompany.co.uk/ladies-c3/leather-jackets-c9/casual-styles-c124/womens-collarless-leather-fashion-jacket-navy-awl-284-p7633,N/A,0004862508,20/09/2023 14:43:44
5061027912405,Active,awl-284 | NAVY | Size:24,awl-284 | NAVY | Size:24 | Women's Collarless Leather Fashion Jacket Navy: AWL-284,Ashwood,N/A,https://www.leathercompany.co.uk/ladies-c3/leather-jackets-c9/casual-styles-c124/womens-collarless-leather-fashion-jacket-navy-awl-284-p7633,N/A,0004862509,20/09/2023 14:44:38
5061027912412,Active,awl-284 | OXBLOOD | Size:8,awl-284 | OXBLOOD | Size:8 | Women's Collarless Leather Fashion Jacket Oxblood: AWL-284,Ashwood,N/A,https://www.leathercompany.co.uk/ladies-c3/leather-jackets-c9/casual-styles-c124/womens-collarless-leather-fashion-jacket-oxblood-awl-284-p7634,N/A,0004863701,20/09/2023 15:24:10
5061027912429,Active,awl-284 | OXBLOOD | Size:10,awl-284 | OXBLOOD | Size:10 | Women's Collarless Leather Fashion Jacket Oxblood: AWL-284,Ashwood,N/A,https://www.leathercompany.co.uk/ladies-c3/leather-jackets-c9/casual-styles-c124/womens-collarless-leather-fashion-jacket-oxblood-awl-284-p7634,N/A,0004863702,20/09/2023 15:25:06
5061027912436,Active,awl-284 | OXBLOOD | Size:12,awl-284 | OXBLOOD | Size:12 | Women's Collarless Leather Fashion Jacket Oxblood: AWL-284,Ashwood,N/A,https://www.leathercompany.co.uk/ladies-c3/leather-jackets-c9/casual-styles-c124/womens-collarless-leather-fashion-jacket-oxblood-awl-284-p7634,N/A,0004863703,20/09/2023 15:26:17
5061027912443,Active,awl-284 | OXBLOOD | Size:14,awl-284 | OXBLOOD | Size:14 | Women's Collarless Leather Fashion Jacket Oxblood: AWL-284,Ashwood,N/A,https://www.leathercompany.co.uk/ladies-c3/leather-jackets-c9/casual-styles-c124/womens-collarless-leather-fashion-jacket-oxblood-awl-284-p7634,N/A,0004863704,20/09/2023 15:32:17
5061027912450,Active,awl-284 | OXBLOOD | Size:16,awl-284 | OXBLOOD | Size:16 | Women's Collarless Leather Fashion Jacket Oxblood: AWL-284,Ashwood,N/A,https://www.leathercompany.co.uk/ladies-c3/leather-jackets-c9/casual-styles-c124/womens-collarless-leather-fashion-jacket-oxblood-awl-284-p7634,N/A,0004863705,20/09/2023 15:32:58
5061027912467,Active,awl-284 | OXBLOOD | Size:18,awl-284 | OXBLOOD | Size:18 | Women's Collarless Leather Fashion Jacket Oxblood: AWL-284,Ashwood,N/A,https://www.leathercompany.co.uk/ladies-c3/leather-jackets-c9/casual-styles-c124/womens-collarless-leather-fashion-jacket-oxblood-awl-284-p7634,N/A,0004863706,20/09/2023 15:33:55
5061027912474,Active,awl-284 | OXBLOOD | Size:20,awl-284 | OXBLOOD | Size:20 | Women's Collarless Leather Fashion Jacket Oxblood: AWL-284,Ashwood,N/A,https://www.leathercompany.co.uk/ladies-c3/leather-jackets-c9/casual-styles-c124/womens-collarless-leather-fashion-jacket-oxblood-awl-284-p7634,N/A,0004863707,20/09/2023 15:35:09
5061027912481,Active,awl-284 | OXBLOOD | Size:22,awl-284 | OXBLOOD | Size:22 | Women's Collarless Leather Fashion Jacket Oxblood: AWL-284,Ashwood,N/A,https://www.leathercompany.co.uk/ladies-c3/leather-jackets-c9/casual-styles-c124/womens-collarless-leather-fashion-jacket-oxblood-awl-284-p7634,N/A,0004863708,20/09/2023 15:36:03
5061027912498,Active,awl-284 | OXBLOOD | Size:24,awl-284 | OXBLOOD | Size:24 | Women's Collarless Leather Fashion Jacket Oxblood: AWL-284,Ashwood,N/A,https://www.leathercompany.co.uk/ladies-c3/leather-jackets-c9/casual-styles-c124/womens-collarless-leather-fashion-jacket-oxblood-awl-284-p7634,N/A,0004863709,20/09/2023 15:36:52
5061027912504,Active,awl-284 | TAN | Size:8,awl-284 | TAN | Size:8 | Women's Collarless Leather Fashion Jacket Tan: AWL-284,Ashwood,N/A,https://www.leathercompany.co.uk/ladies-c3/leather-jackets-c9/casual-styles-c124/womens-collarless-leather-fashion-jacket-tan-awl-284-p7635,N/A,0004864901,20/09/2023 16:18:29
5061027912511,Active,awl-284 | TAN | Size:10,awl-284 | TAN | Size:10 | Women's Collarless Leather Fashion Jacket Tan: AWL-284,Ashwood,N/A,https://www.leathercompany.co.uk/ladies-c3/leather-jackets-c9/casual-styles-c124/womens-collarless-leather-fashion-jacket-tan-awl-284-p7635,N/A,0004864902,20/09/2023 16:19:26
5061027912528,Active,awl-284 | TAN | Size:12,awl-284 | TAN | Size:12 | Women's Collarless Leather Fashion Jacket Tan: AWL-284,Ashwood,N/A,https://www.leathercompany.co.uk/ladies-c3/leather-jackets-c9/casual-styles-c124/womens-collarless-leather-fashion-jacket-tan-awl-284-p7635,N/A,0004864903,20/09/2023 16:20:20
5061027912535,Active,awl-284 | TAN | Size:14,awl-284 | TAN | Size:14 | Women's Collarless Leather Fashion Jacket Tan: AWL-284,Ashwood,N/A,https://www.leathercompany.co.uk/ladies-c3/leather-jackets-c9/casual-styles-c124/womens-collarless-leather-fashion-jacket-tan-awl-284-p7635,N/A,0004864904,20/09/2023 16:21:09
5061027912542,Active,awl-284 | TAN | Size:16,awl-284 | TAN | Size:16 | Women's Collarless Leather Fashion Jacket Tan: AWL-284,Ashwood,N/A,https://www.leathercompany.co.uk/ladies-c3/leather-jackets-c9/casual-styles-c124/womens-collarless-leather-fashion-jacket-tan-awl-284-p7635,N/A,0004864905,20/09/2023 16:21:54
5061027912559,Active,awl-284 | TAN | Size:18,awl-284 | TAN | Size:18 | Women's Collarless Leather Fashion Jacket Tan: AWL-284,Ashwood,N/A,https://www.leathercompany.co.uk/ladies-c3/leather-jackets-c9/casual-styles-c124/womens-collarless-leather-fashion-jacket-tan-awl-284-p7635,N/A,0004864906,20/09/2023 16:22:47
5061027912566,Active,awl-284 | TAN | Size:20,awl-284 | TAN | Size:20 | Women's Collarless Leather Fashion Jacket Tan: AWL-284,Ashwood,N/A,https://www.leathercompany.co.uk/ladies-c3/leather-jackets-c9/casual-styles-c124/womens-collarless-leather-fashion-jacket-tan-awl-284-p7635,N/A,0004864907,20/09/2023 16:23:33
5061027912573,Active,awl-284 | TAN | Size:22,awl-284 | TAN | Size:22 | Women's Collarless Leather Fashion Jacket Tan: AWL-284,Ashwood,N/A,https://www.leathercompany.co.uk/ladies-c3/leather-jackets-c9/casual-styles-c124/womens-collarless-leather-fashion-jacket-tan-awl-284-p7635,N/A,0004864908,20/09/2023 16:24:25
5061027912580,Active,awl-284 | TAN | Size:24,awl-284 | TAN | Size:24 | Women's Collarless Leather Fashion Jacket Tan: AWL-284,Ashwood,N/A,https://www.leathercompany.co.uk/ladies-c3/leather-jackets-c9/casual-styles-c124/womens-collarless-leather-fashion-jacket-tan-awl-284-p7635,N/A,0004864909,20/09/2023 16:25:09
5061027912597,Active,awl-284 | TAUPE | Size:8,awl-284 | TAUPE | Size:8 | Women's Collarless Leather Fashion Jacket Taupe: AWL-284,Ashwood,N/A,https://www.leathercompany.co.uk/ladies-c3/leather-jackets-c9/casual-styles-c124/womens-collarless-leather-fashion-jacket-taupe-awl-284-p7636,N/A,0004866101,20/09/2023 16:38:10
5061027912603,Active,awl-284 | TAUPE | Size:10,awl-284 | TAUPE | Size:10 | Women's Collarless Leather Fashion Jacket Taupe: AWL-284,Ashwood,N/A,https://www.leathercompany.co.uk/ladies-c3/leather-jackets-c9/casual-styles-c124/womens-collarless-leather-fashion-jacket-taupe-awl-284-p7636,N/A,0004866102,20/09/2023 16:39:02
5061027912610,Active,awl-284 | TAUPE | Size:12,awl-284 | TAUPE | Size:12 | Women's Collarless Leather Fashion Jacket Taupe: AWL-284,Ashwood,N/A,https://www.leathercompany.co.uk/ladies-c3/leather-jackets-c9/casual-styles-c124/womens-collarless-leather-fashion-jacket-taupe-awl-284-p7636,N/A,0004866103,20/09/2023 16:39:52
5061027912627,Active,awl-284 | TAUPE | Size:14,awl-284 | TAUPE | Size:14 | Women's Collarless Leather Fashion Jacket Taupe: AWL-284,Ashwood,N/A,https://www.leathercompany.co.uk/ladies-c3/leather-jackets-c9/casual-styles-c124/womens-collarless-leather-fashion-jacket-taupe-awl-284-p7636,N/A,0004866104,20/09/2023 16:40:33
5061027912634,Active,awl-284 | TAUPE | Size:16,awl-284 | TAUPE | Size:16 | Women's Collarless Leather Fashion Jacket Taupe: AWL-284,Ashwood,N/A,https://www.leathercompany.co.uk/ladies-c3/leather-jackets-c9/casual-styles-c124/womens-collarless-leather-fashion-jacket-taupe-awl-284-p7636,N/A,0004866105,20/09/2023 16:41:17
5061027912641,Active,awl-284 | TAUPE | Size:18,awl-284 | TAUPE | Size:18 | Women's Collarless Leather Fashion Jacket Taupe: AWL-284,Ashwood,N/A,https://www.leathercompany.co.uk/ladies-c3/leather-jackets-c9/casual-styles-c124/womens-collarless-leather-fashion-jacket-taupe-awl-284-p7636,N/A,0004866106,20/09/2023 16:45:04
5061027912658,Active,awl-284 | TAUPE | Size:20,awl-284 | TAUPE | Size:20 | Women's Collarless Leather Fashion Jacket Taupe: AWL-284,Ashwood,N/A,https://www.leathercompany.co.uk/ladies-c3/leather-jackets-c9/casual-styles-c124/womens-collarless-leather-fashion-jacket-taupe-awl-284-p7636,N/A,0004866107,20/09/2023 16:46:01
5061027912665,Active,awl-284 | TAUPE | Size:22,awl-284 | TAUPE | Size:22 | Women's Collarless Leather Fashion Jacket Taupe: AWL-284,Ashwood,N/A,https://www.leathercompany.co.uk/ladies-c3/leather-jackets-c9/casual-styles-c124/womens-collarless-leather-fashion-jacket-taupe-awl-284-p7636,N/A,0004866108,20/09/2023 16:47:43
5061027912672,Active,awl-284 | TAUPE | Size:24,awl-284 | TAUPE | Size:24 | Women's Collarless Leather Fashion Jacket Taupe: AWL-284,Ashwood,N/A,https://www.leathercompany.co.uk/ladies-c3/leather-jackets-c9/casual-styles-c124/womens-collarless-leather-fashion-jacket-taupe-awl-284-p7636,N/A,0004866109,20/09/2023 16:48:14
5061027911019,Active,64295 | BLACK | Size:ONE SIZE,64295 | BLACK | Size:ONE SIZE | Ashwood Real Leather Flapover Crossbody Bag Black: 64295,Ashwood,N/A,https://www.leathercompany.co.uk/ladies-c3/leather-handbags-c10/ashwood-real-leather-flapover-crossbody-bag-black-64295-p7942,N/A,0004925200,06/09/2023 07:02:39
5061027911033,Active,64295 | 2 tone tan | Size:ONE SIZE,64295 | 2 tone tan | Size:ONE SIZE | Ashwood Real Leather Flapover Crossbody Bag 2 Tone Tan: 64295,Ashwood,N/A,https://www.leathercompany.co.uk/ladies-c3/leather-handbags-c10/ashwood-real-leather-flapover-crossbody-bag-2-tone-tan-64295-p7941,N/A,0004925300,06/09/2023 07:04:21
5061027911026,Active,64295 | cotwold navy | Size:ONE SIZE,64295 | cotwold navy | Size:ONE SIZE | Ashwood Real Leather Flapover Crossbody Bag Cotswold Navy: 64295,Ashwood,N/A,https://www.leathercompany.co.uk/ladies-c3/leather-handbags-c10/ashwood-real-leather-flapover-crossbody-bag-cotswold-navy-64295-p7943,N/A,0004925400,06/09/2023 07:03:37
5061027911057,Active,64295 | GUMDROP GREEN | Size:ONE SIZE,64295 | GUMDROP GREEN | Size:ONE SIZE | Ashwood Real Leather Flapover Crossbody Bag Gumdrop Green: 64295,Ashwood,N/A,https://www.leathercompany.co.uk/ladies-c3/leather-handbags-c10/ashwood-real-leather-flapover-crossbody-bag-gumdrop-green-64295-p7944,N/A,0004925500,06/09/2023 07:06:08
5061027911040,Active,64295 | parafin | Size:ONE SIZE,64295 | parafin | Size:ONE SIZE | Ashwood Real Leather Flapover Crossbody Bag Parafin: 64295,Ashwood,N/A,https://www.leathercompany.co.uk/ladies-c3/leather-handbags-c10/ashwood-real-leather-flapover-crossbody-bag-parafin-64295-p7945,N/A,0004925600,06/09/2023 07:05:04
5061027911064,Active,64257 | BLACK | Size:ONE SIZE,64257 | BLACK | Size:ONE SIZE | Ashwood Real Leather Flapover Backpack Black: 64257,Ashwood,N/A,https://www.leathercompany.co.uk/ladies-c3/leather-handbags-c10/ashwood-real-leather-flapover-backpack-black-64257-p7938,N/A,0004925700,06/09/2023 07:06:52
5061027911088,Active,64257 | 2 tone tan | Size:ONE SIZE,64257 | 2 tone tan | Size:ONE SIZE | Ashwood Real Leather Flapover Backpack 2 Tone Tan: 64257,Ashwood,N/A,https://www.leathercompany.co.uk/ladies-c3/leather-handbags-c10/ashwood-real-leather-flapover-backpack-2-tone-tan-64257-p7937,N/A,0004925800,06/09/2023 07:07:57
5061027911071,Active,64257 | cotwold navy | Size:ONE SIZE,64257 | cotwold navy | Size:ONE SIZE | Ashwood Real Leather Flapover Backpack Cotswold Navy: 64257,Ashwood,N/A,https://www.leathercompany.co.uk/ladies-c3/leather-handbags-c10/ashwood-real-leather-flapover-backpack-cotswold-navy-64257-p7939,N/A,0004925900,06/09/2023 07:07:29
5061027911095,Active,64257 | parafin | Size:ONE SIZE,64257 | parafin | Size:ONE SIZE | Ashwood Real Leather Flapover Backpack Parafin: 64257,Ashwood,N/A,https://www.leathercompany.co.uk/ladies-c3/leather-handbags-c10/ashwood-real-leather-flapover-backpack-parafin-64257-p7940,N/A,0004926000,06/09/2023 07:09:09
5061027911101,Active,64296 | BLACK | Size:ONE SIZE,64296 | BLACK | Size:ONE SIZE | Ashwood Real Leather Crossbody Bag with Webbing Strap Black: 64296,Ashwood,N/A,https://www.leathercompany.co.uk/ladies-c3/leather-handbags-c10/ashwood-real-leather-crossbody-bag-with-webbing-strap-black-64296-p7947,N/A,0004926100,06/09/2023 07:10:02
5061027911118,Active,64296 | 2 tone tan | Size:ONE SIZE,64296 | 2 tone tan | Size:ONE SIZE | Ashwood Real Leather Crossbody Bag with Webbing Strap 2 Tone Tan: 64296,Ashwood,N/A,https://www.leathercompany.co.uk/ladies-c3/leather-handbags-c10/ashwood-real-leather-crossbody-bag-with-webbing-strap-2-tone-tan-64296-p7946,N/A,0004926200,06/09/2023 07:10:34
5061027911132,Active,64296 | GUMDROP GREEN | Size:ONE SIZE,64296 | GUMDROP GREEN | Size:ONE SIZE | Ashwood Real Leather Crossbody Bag with Webbing Strap Gumdrop Green: 64296,Ashwood,N/A,https://www.leathercompany.co.uk/ladies-c3/leather-handbags-c10/ashwood-real-leather-crossbody-bag-with-webbing-strap-gumdrop-green-64296-p7948,N/A,0004926300,06/09/2023 07:11:30
5061027911156,Active,64296 | MANDARIN | Size:ONE SIZE,64296 | MANDARIN | Size:ONE SIZE | Ashwood Real Leather Crossbody Bag with Webbing Strap Mandarin: 64296,Ashwood,N/A,https://www.leathercompany.co.uk/ladies-c3/leather-handbags-c10/ashwood-real-leather-crossbody-bag-with-webbing-strap-mandarin-64296-p7949,N/A,0004926400,06/09/2023 07:12:39
5061027911125,Active,64296 | parafin | Size:ONE SIZE,64296 | parafin | Size:ONE SIZE | Ashwood Real Leather Crossbody Bag with Webbing Strap Parafin: 64296,Ashwood,N/A,https://www.leathercompany.co.uk/ladies-c3/leather-handbags-c10/ashwood-real-leather-crossbody-bag-with-webbing-strap-parafin-64296-p7951,N/A,0004926500,06/09/2023 07:11:06
5061027911149,Active,64296 | ROSE | Size:ONE SIZE,64296 | ROSE | Size:ONE SIZE | Ashwood Real Leather Crossbody Bag with Webbing Strap Rose: 64296,Ashwood,N/A,https://www.leathercompany.co.uk/handbags-c6/ashwood-real-leather-crossbody-bag-with-webbing-strap-rose-64296-p7953,N/A,0004926600,06/09/2023 07:12:07
5061027911187,Active,64296 | ochre yellow | Size:ONE SIZE,64296 | ochre yellow | Size:ONE SIZE | Ashwood Real Leather Crossbody Bag with Webbing Strap Ochre Yellow: 64296,Ashwood,N/A,https://www.leathercompany.co.uk/ladies-c3/leather-handbags-c10/ashwood-real-leather-crossbody-bag-with-webbing-strap-ochre-yellow-64296-p7950,N/A,0004926700,06/09/2023 07:14:55
5061027911170,Active,64296 | rasberry sorbet | Size:ONE SIZE,64296 | rasberry sorbet | Size:ONE SIZE | Ashwood Real Leather Crossbody Bag with Webbing Strap Raspberry Sorbet: 64296,Ashwood,N/A,https://www.leathercompany.co.uk/ladies-c3/leather-handbags-c10/ashwood-real-leather-crossbody-bag-with-webbing-strap-raspberry-sorbet-64296-p7952,N/A,0004926800,06/09/2023 07:13:44
5061027911163,Active,64296 | sodalite blue | Size:ONE SIZE,64296 | sodalite blue | Size:ONE SIZE | Ashwood Real Leather Crossbody Bag with Webbing Strap Sodalite Blue: 64296,Ashwood,N/A,https://www.leathercompany.co.uk/ladies-c3/leather-handbags-c10/ashwood-real-leather-crossbody-bag-with-webbing-strap-sodalite-blue-64296-p7954,N/A,0004926900,06/09/2023 07:13:16
5061027911194,Active,64192 | BLACK | Size:ONE SIZE,64192 | BLACK | Size:ONE SIZE | Ashwood Women's Curved Leather Shoulder Bag Black: 64192,Ashwood,N/A,https://www.leathercompany.co.uk/ladies-c3/leather-handbags-c10/ashwood-womens-curved-leather-shoulder-bag-black-64192-p7918,N/A,0004927000,06/09/2023 07:15:52
5061027911200,Active,64192 | 2 tone tan | Size:ONE SIZE,64192 | 2 tone tan | Size:ONE SIZE | Ashwood Women's Curved Leather Shoulder Bag 2 Tone Tan: 64192,Ashwood,N/A,https://www.leathercompany.co.uk/ladies-c3/leather-handbags-c10/ashwood-womens-curved-leather-shoulder-bag-2-tone-tan-64192-p7917,N/A,0004927100,06/09/2023 07:16:27
5061027911217,Active,64192 | parafin | Size:ONE SIZE,64192 | parafin | Size:ONE SIZE | Ashwood Women's Curved Leather Shoulder Bag Parafin: 64192,Ashwood,N/A,https://www.leathercompany.co.uk/ladies-c3/leather-handbags-c10/ashwood-womens-curved-leather-shoulder-bag-parafin-64192-p7920,N/A,0004927200,06/09/2023 07:17:00
5061027911224,Active,64192 | deep lake | Size:ONE SIZE,64192 | deep lake | Size:ONE SIZE | Ashwood Women's Curved Leather Shoulder Bag Deep Lake: 64192,Ashwood,N/A,https://www.leathercompany.co.uk/ladies-c3/leather-handbags-c10/ashwood-womens-curved-leather-shoulder-bag-deep-lake-64192-p7919,N/A,0004927300,06/09/2023 07:17:32
5061027911231,Active,64192 | ROSE | Size:ONE SIZE,64192 | ROSE | Size:ONE SIZE | Ashwood Women's Curved Leather Shoulder Bag Rose: 64192,Ashwood,N/A,https://www.leathercompany.co.uk/ladies-c3/leather-handbags-c10/ashwood-womens-curved-leather-shoulder-bag-rose-64192-p7921,N/A,0004927400,06/09/2023 07:18:15
5061027911262,Active,62879 | 2 tone tan | Size:ONE SIZE,62879 | 2 tone tan | Size:ONE SIZE | Ashwood Real Leather Crossbody Bag:2 Tone Tan 62879,Ashwood,N/A,https://www.leathercompany.co.uk/ladies-c3/leather-handbags-c10/ashwood-real-leather-crossbody-bag-2-tone-tan-62879-p7865,N/A,0004927500,06/09/2023 07:19:54
5061027911248,Active,62879 | BLACK | Size:ONE SIZE,62879 | BLACK | Size:ONE SIZE | Ashwood Real Leather Crossbody Bag:Black 62879,Ashwood,N/A,https://www.leathercompany.co.uk/ladies-c3/leather-handbags-c10/ashwood-real-leather-crossbody-bag-black-62879-p7866,N/A,0004927600,06/09/2023 07:18:51
5061027911255,Active,62879 | cotwold navy | Size:ONE SIZE,62879 | cotwold navy | Size:ONE SIZE | Ashwood Real Leather Crossbody Bag:Cotwold Navy 62879,Ashwood,N/A,https://www.leathercompany.co.uk/ladies-c3/leather-handbags-c10/ashwood-real-leather-crossbody-bag-cotwold-navy-62879-p7867,N/A,0004927700,06/09/2023 07:19:22
5061027911286,Active,62879 | deep lake | Size:ONE SIZE,62879 | deep lake | Size:ONE SIZE | Ashwood Real Leather Crossbody Bag:Deep Lake 62879,Ashwood,N/A,https://www.leathercompany.co.uk/ladies-c3/leather-handbags-c10/ashwood-real-leather-crossbody-bag-deep-lake-62879-p7868,N/A,0004927800,06/09/2023 07:21:29
5061027911279,Active,62879 | parafin | Size:ONE SIZE,62879 | parafin | Size:ONE SIZE | Ashwood Real Leather Crossbody Bag:Parafin 62879,Ashwood,N/A,https://www.leathercompany.co.uk/ladies-c3/leather-handbags-c10/ashwood-real-leather-crossbody-bag-parafin-62879-p7870,N/A,0004927900,06/09/2023 07:20:30
5061027911293,Active,62879 | light wine | Size:ONE SIZE,62879 | light wine | Size:ONE SIZE | Ashwood Real Leather Crossbody Bag: Light Wine 62879,Ashwood,N/A,https://www.leathercompany.co.uk/ladies-c3/leather-handbags-c10/ashwood-real-leather-crossbody-bag-light-wine-62879-p7869,N/A,0004928000,06/09/2023 07:22:23
5061027911309,Active,63931 | BLACK | Size:ONE SIZE,63931 | BLACK | Size:ONE SIZE | ,Ashwood,N/A,N/A,N/A,0004928100,06/09/2023 07:23:12
5061027911323,Active,63931 | 2 tone tan | Size:ONE SIZE,63931 | 2 tone tan | Size:ONE SIZE | Ashwood Real Leather Top Zip Crossbody Bag 2 Tone Tan: 63931,Ashwood,N/A,https://www.leathercompany.co.uk/ladies-c3/leather-handbags-c10/ashwood-real-leather-top-zip-crossbody-bag-2-tone-tan-63931-p7895,N/A,0004928200,06/09/2023 07:24:31
5061027911316,Active,63931 | cotwold navy | Size:ONE SIZE,63931 | cotwold navy | Size:ONE SIZE | Ashwood Real Leather Top Zip Crossbody Bag Cotwold Navy : 63931,Ashwood,N/A,https://www.leathercompany.co.uk/ladies-c3/ashwood-real-leather-top-zip-crossbody-bag-cotwold-navy-63931-p7897,N/A,0004928300,06/09/2023 07:23:58
5061027911361,Active,63931 | ochre yellow | Size:ONE SIZE,63931 | ochre yellow | Size:ONE SIZE | Ashwood Real Leather Top Zip Crossbody Bag Ochre Yellow : 63931,Ashwood,N/A,https://www.leathercompany.co.uk/ladies-c3/leather-handbags-c10/ashwood-real-leather-top-zip-crossbody-bag-ochre-yellow-63931-p7898,N/A,0004928400,06/09/2023 07:27:38
5061027911330,Active,63931 | parafin | Size:ONE SIZE,63931 | parafin | Size:ONE SIZE | Ashwood Real Leather Top Zip Crossbody Bag Parafin: 63931,Ashwood,N/A,https://www.leathercompany.co.uk/ladies-c3/leather-handbags-c10/ashwood-real-leather-top-zip-crossbody-bag-parafin-63931-p7899,N/A,0004928500,06/09/2023 07:25:18
5061027911354,Active,63931 | rasberry sorbet | Size:ONE SIZE,63931 | rasberry sorbet | Size:ONE SIZE | Ashwood Real Leather Top Zip Crossbody Bag Rasberry Sorbet: 63931,Ashwood,N/A,https://www.leathercompany.co.uk/ladies-c3/leather-handbags-c10/ashwood-real-leather-top-zip-crossbody-bag-rasberry-sorbet-63931-p7900,N/A,0004928600,06/09/2023 07:26:54
5061027911347,Active,63931 | sodalite blue | Size:ONE SIZE,63931 | sodalite blue | Size:ONE SIZE | Ashwood Real Leather Top Zip Crossbody Bag Sodalite Blue : 63931,Ashwood,N/A,https://www.leathercompany.co.uk/ladies-c3/leather-handbags-c10/ashwood-real-leather-top-zip-crossbody-bag-sodalite-blue-63931-p7901,N/A,0004928700,06/09/2023 07:26:10
5061027911378,Active,64064 | BLACK | Size:ONE SIZE,64064 | BLACK | Size:ONE SIZE | Ashwood Leather Women's Tote Crossbody Bag Black: 64064,Ashwood,N/A,https://www.leathercompany.co.uk/ladies-c3/leather-handbags-c10/ashwood-leather-womens-tote-crossbody-bag-black-64064-p7913,N/A,0004928800,06/09/2023 07:28:36
5061027911392,Active,64064 | 2 tone tan | Size:ONE SIZE,64064 | 2 tone tan | Size:ONE SIZE | Ashwood Leather Women's Tote Crossbody Bag 2 Tone Tan: 64064,Ashwood,N/A,https://www.leathercompany.co.uk/ladies-c3/leather-handbags-c10/ashwood-leather-womens-tote-crossbody-bag-2-tone-tan-64064-p7912,N/A,0004928900,06/09/2023 07:30:34
5061027911385,Active,64064 | cotwold navy | Size:ONE SIZE,64064 | cotwold navy | Size:ONE SIZE | Ashwood Leather Women's Tote Crossbody Bag Cotwold Navy: 64064,Ashwood,N/A,https://www.leathercompany.co.uk/ladies-c3/leather-handbags-c10/ashwood-leather-womens-tote-crossbody-bag-cotwold-navy-64064-p7914,N/A,0004929000,06/09/2023 07:29:56
5061027911415,Active,64064 | deep lake | Size:ONE SIZE,64064 | deep lake | Size:ONE SIZE | Ashwood Leather Women's Tote Crossbody Bag Deep Lake: 64064,Ashwood,N/A,https://www.leathercompany.co.uk/ladies-c3/leather-handbags-c10/ashwood-leather-womens-tote-crossbody-bag-deep-lake-64064-p7915,N/A,0004929100,06/09/2023 07:32:24
5061027911408,Active,64064 | parafin | Size:ONE SIZE,64064 | parafin | Size:ONE SIZE | Ashwood Leather Women's Tote Crossbody Bag Parafin: 64064,Ashwood,N/A,https://www.leathercompany.co.uk/ladies-c3/leather-handbags-c10/ashwood-leather-womens-tote-crossbody-bag-parafin-64064-p7916,N/A,0004929200,06/09/2023 07:31:29
5061027911422,Active,63754 | BLACK | Size:ONE SIZE,63754 | BLACK | Size:ONE SIZE | Real Leather Tote Bag Black: 63754,Ashwood,N/A,https://www.leathercompany.co.uk/ladies-c3/leather-handbags-c10/real-leather-tote-bag-black-63754-p7884,N/A,0004929300,06/09/2023 07:33:15
5061027911439,Active,63754 | 2 tone tan | Size:ONE SIZE,63754 | 2 tone tan | Size:ONE SIZE | Real Leather Tote Bag 2 Tone Tan: 63754,Ashwood,N/A,https://www.leathercompany.co.uk/ladies-c3/leather-handbags-c10/real-leather-tote-bag-2-tone-tan-63754-p7883,N/A,0004929400,06/09/2023 07:33:57
5061027911453,Active,63754 | deep lake | Size:ONE SIZE,63754 | deep lake | Size:ONE SIZE | Real Leather Tote Bag Deep Lake: 63754,Ashwood,N/A,https://www.leathercompany.co.uk/ladies-c3/leather-handbags-c10/real-leather-tote-bag-deep-lake-63754-p7885,N/A,0004929500,06/09/2023 07:36:15
5061027911477,Active,63754 | MANDARIN | Size:ONE SIZE,63754 | MANDARIN | Size:ONE SIZE | Real Leather Tote Bag  Mandarin: 63754,Ashwood,N/A,https://www.leathercompany.co.uk/ladies-c3/leather-handbags-c10/real-leather-tote-bag-mandarin-63754-p7886,N/A,0004929600,06/09/2023 07:38:07
5061027911507,Active,63754 | ochre yellow | Size:ONE SIZE,63754 | ochre yellow | Size:ONE SIZE | Real Leather Tote Bag Ochre Yellow: 63754,Ashwood,N/A,https://www.leathercompany.co.uk/ladies-c3/leather-handbags-c10/real-leather-tote-bag-ochre-yellow-63754-p7887,N/A,0004929700,06/09/2023 07:43:29
5061027911446,Active,63754 | parafin | Size:ONE SIZE,63754 | parafin | Size:ONE SIZE | Real Leather Tote Bag Parafin: 63754,Ashwood,N/A,https://www.leathercompany.co.uk/ladies-c3/leather-handbags-c10/real-leather-tote-bag-parafin-63754-p7888,N/A,0004929800,06/09/2023 07:34:47
5061027911491,Active,63754 | rasberry sorbet | Size:ONE SIZE,63754 | rasberry sorbet | Size:ONE SIZE | Real Leather Tote Bag Rasberry Sorbet: 63754,Ashwood,N/A,https://www.leathercompany.co.uk/ladies-c3/leather-handbags-c10/real-leather-tote-bag-rasberry-sorbet-63754-p7889,N/A,0004929900,06/09/2023 07:39:28
5061027911460,Active,63754 | ROSE | Size:ONE SIZE,63754 | ROSE | Size:ONE SIZE | Real Leather Tote Bag Rose: 63754,Ashwood,N/A,https://www.leathercompany.co.uk/ladies-c3/leather-handbags-c10/real-leather-tote-bag-rose-63754-p7890,N/A,0004930000,06/09/2023 07:37:25
5061027911484,Active,63754 | sodalite blue | Size:ONE SIZE,63754 | sodalite blue | Size:ONE SIZE | Real Leather Tote Bag Sodalite Blue: 63754,Ashwood,N/A,https://www.leathercompany.co.uk/ladies-c3/leather-handbags-c10/real-leather-tote-bag-sodalite-blue-63754-p7891,N/A,0004930100,06/09/2023 07:38:47
5061027911606,Active,64297 | BLACK | Size:ONE SIZE,64297 | BLACK | Size:ONE SIZE | Ashwood Real Leather Small Crossbody Bag Black: 64297,Ashwood,N/A,https://www.leathercompany.co.uk/ladies-c3/leather-handbags-c10/ashwood-real-leather-small-crossbody-bag-black-64297-p7956,N/A,0004930200,06/09/2023 07:51:20
5061027911620,Active,64297 | 2 tone tan | Size:ONE SIZE,64297 | 2 tone tan | Size:ONE SIZE | Ashwood Real Leather Small Crossbody Bag 2 Tone Tan: 64297,Ashwood,N/A,https://www.leathercompany.co.uk/ladies-c3/leather-handbags-c10/ashwood-real-leather-small-crossbody-bag-2-tone-tan-64297-p7955,N/A,0004930300,06/09/2023 07:55:11
5061027911613,Active,64297 | cotwold navy | Size:ONE SIZE,64297 | cotwold navy | Size:ONE SIZE | Ashwood Real Leather Small Crossbody Bag Cotswold Navy: 64297,Ashwood,N/A,https://www.leathercompany.co.uk/ladies-c3/leather-handbags-c10/ashwood-real-leather-small-crossbody-bag-cotswold-navy-64297-p7957,N/A,0004930400,06/09/2023 07:52:01
5061027911637,Active,64297 | MANDARIN | Size:ONE SIZE,64297 | MANDARIN | Size:ONE SIZE | Ashwood Real Leather Small Crossbody Bag Mandarin: 64297,Ashwood,N/A,https://www.leathercompany.co.uk/ladies-c3/leather-handbags-c10/ashwood-real-leather-small-crossbody-bag-mandarin-64297-p7958,N/A,0004930500,06/09/2023 07:55:41
5061027911651,Active,64297 | rasberry sorbet | Size:ONE SIZE,64297 | rasberry sorbet | Size:ONE SIZE | Ashwood Real Leather Small Crossbody Bag Raspberry Sorbet: 64297,Ashwood,N/A,https://www.leathercompany.co.uk/ladies-c3/leather-handbags-c10/ashwood-real-leather-small-crossbody-bag-raspberry-sorbet-64297-p7959,N/A,0004930600,06/09/2023 07:56:51
5061027911644,Active,64297 | sodalite blue | Size:ONE SIZE,64297 | sodalite blue | Size:ONE SIZE | Ashwood Real Leather Small Crossbody Bag Sodalite Blue: 64297,Ashwood,N/A,https://www.leathercompany.co.uk/ladies-c3/leather-handbags-c10/ashwood-real-leather-small-crossbody-bag-sodalite-blue-64297-p7960,N/A,0004930700,06/09/2023 07:56:18
5061027911668,Active,64198 | BLACK | Size:ONE SIZE,64198 | BLACK | Size:ONE SIZE | ,Ashwood,N/A,N/A,N/A,0004930800,06/09/2023 07:57:32
5061027911682,Active,64198 | 2 tone tan | Size:ONE SIZE,64198 | 2 tone tan | Size:ONE SIZE | Ashwood Leather Women's Stylish Tote Bag 2 Tone Tan: 64198,Ashwood,N/A,https://www.leathercompany.co.uk/ladies-c3/leather-handbags-c10/ashwood-leather-womens-stylish-tote-bag-2-tone-tan-64198-p7922,N/A,0004930900,06/09/2023 07:58:47
5061027911675,Active,64198 | cotwold navy | Size:ONE SIZE,64198 | cotwold navy | Size:ONE SIZE | Ashwood Leather Women's Stylish Tote Bag Cotwold Navy: 64198,Ashwood,N/A,https://www.leathercompany.co.uk/ladies-c3/leather-handbags-c10/ashwood-leather-womens-stylish-tote-bag-cotwold-navy-64198-p7924,N/A,0004931000,06/09/2023 07:58:07
5061027911699,Active,64202 | BLACK | Size:ONE SIZE,64202 | BLACK | Size:ONE SIZE | Ashwood Real Leather Hobo Shoulder Bag Black: 64202,Ashwood,N/A,https://www.leathercompany.co.uk/ladies-c3/leather-handbags-c10/ashwood-real-leather-hobo-shoulder-bag-black-64202-p7926,N/A,0004931100,06/09/2023 07:59:27
5061027911712,Active,64202 | 2 tone tan | Size:ONE SIZE,64202 | 2 tone tan | Size:ONE SIZE | Ashwood Real Leather Hobo Shoulder Bag 2 Tone Tan: 64202,Ashwood,N/A,https://www.leathercompany.co.uk/ladies-c3/leather-handbags-c10/ashwood-real-leather-hobo-shoulder-bag-2-tone-tan-64202-p7925,N/A,0004931200,06/09/2023 08:00:29
5061027911705,Active,64202 | cotwold navy | Size:ONE SIZE,64202 | cotwold navy | Size:ONE SIZE | Ashwood Real Leather Hobo Shoulder Bag Cotswold Navy: 64202,Ashwood,N/A,https://www.leathercompany.co.uk/ladies-c3/leather-handbags-c10/ashwood-real-leather-hobo-shoulder-bag-cotswold-navy-64202-p7927,N/A,0004931300,06/09/2023 07:59:52
5061027911736,Active,64202 | MANDARIN | Size:ONE SIZE,64202 | MANDARIN | Size:ONE SIZE | Ashwood Real Leather Hobo Shoulder Bag Mandarin: 64202,Ashwood,N/A,https://www.leathercompany.co.uk/ladies-c3/leather-handbags-c10/ashwood-real-leather-hobo-shoulder-bag-mandarin-64202-p7928,N/A,0004931400,06/09/2023 08:01:22
5061027911743,Active,64202 | ochre yellow | Size:ONE SIZE,64202 | ochre yellow | Size:ONE SIZE | Ashwood Real Leather Hobo Shoulder Bag Ochre Yellow: 64202,Ashwood,N/A,https://www.leathercompany.co.uk/ladies-c3/leather-handbags-c10/ashwood-real-leather-hobo-shoulder-bag-ochre-yellow-64202-p7929,N/A,0004931500,06/09/2023 08:02:01
5061027911729,Active,64202 | parafin | Size:ONE SIZE,64202 | parafin | Size:ONE SIZE | Ashwood Real Leather Hobo Shoulder Bag Parafin: 64202,Ashwood,N/A,https://www.leathercompany.co.uk/ladies-c3/leather-handbags-c10/ashwood-real-leather-hobo-shoulder-bag-parafin-64202-p7930,N/A,0004931600,06/09/2023 08:00:52
5061027911750,Active,64203 | BLACK | Size:ONE SIZE,64203 | BLACK | Size:ONE SIZE | Ashwood Real Leather Hobo Shoulder Bag Black: 64203,Ashwood,N/A,https://www.leathercompany.co.uk/ladies-c3/leather-handbags-c10/ashwood-real-leather-hobo-shoulder-bag-black-64203-p7932,N/A,0004931700,06/09/2023 08:02:55
5061027911774,Active,64203 | 2 tone tan | Size:ONE SIZE,64203 | 2 tone tan | Size:ONE SIZE | Ashwood Real Leather Hobo Shoulder Bag 2 Tone Tan: 64203,Ashwood,N/A,https://www.leathercompany.co.uk/ladies-c3/leather-handbags-c10/ashwood-real-leather-hobo-shoulder-bag-2-tone-tan-64203-p7931,N/A,0004931800,06/09/2023 08:04:16
5061027911767,Active,64203 | cotwold navy | Size:ONE SIZE,64203 | cotwold navy | Size:ONE SIZE | Ashwood Real Leather Hobo Shoulder Bag Cotswold Navy: 64203,Ashwood,N/A,https://www.leathercompany.co.uk/ladies-c3/leather-handbags-c10/ashwood-real-leather-hobo-shoulder-bag-cotswold-navy-64203-p7933,N/A,0004931900,06/09/2023 08:03:49
5061027911798,Active,64203 | MANDARIN | Size:ONE SIZE,64203 | MANDARIN | Size:ONE SIZE | Ashwood Real Leather Hobo Shoulder Bag Mandarin: 64203,Ashwood,N/A,https://www.leathercompany.co.uk/ladies-c3/leather-handbags-c10/ashwood-real-leather-hobo-shoulder-bag-mandarin-64203-p7934,N/A,0004932000,06/09/2023 08:05:18
5061027911804,Active,64203 | ochre yellow | Size:ONE SIZE,64203 | ochre yellow | Size:ONE SIZE | Ashwood Real Leather Hobo Shoulder Bag Ochre Yellow: 64203,Ashwood,N/A,https://www.leathercompany.co.uk/ladies-c3/leather-handbags-c10/ashwood-real-leather-hobo-shoulder-bag-ochre-yellow-64203-p7935,N/A,0004932100,06/09/2023 08:05:47
5061027911781,Active,64203 | parafin | Size:ONE SIZE,64203 | parafin | Size:ONE SIZE | Ashwood Real Leather Hobo Shoulder Bag Parafin: 64203,Ashwood,N/A,https://www.leathercompany.co.uk/ladies-c3/leather-handbags-c10/ashwood-real-leather-hobo-shoulder-bag-parafin-64203-p7936,N/A,0004932200,06/09/2023 08:04:43
5061027911811,Active,63624 | BLACK | Size:ONE SIZE,63624 | BLACK | Size:ONE SIZE | Leather Twin Zip Quilted Crossbody Bag Black: 63624,Ashwood,N/A,https://www.leathercompany.co.uk/ladies-c3/leather-handbags-c10/leather-twin-zip-quilted-crossbody-bag-black-63624-p7871,N/A,0004932300,06/09/2023 08:26:03
5061027911828,Active,63624 | cotwold navy | Size:ONE SIZE,63624 | cotwold navy | Size:ONE SIZE | Leather Twin Zip Quilted Crossbody Bag Cotswold Navy: 63624,Ashwood,N/A,https://www.leathercompany.co.uk/ladies-c3/leather-handbags-c10/leather-twin-zip-quilted-crossbody-bag-cotswold-navy-63624-p7872,N/A,0004932400,06/09/2023 08:26:36
5061027911835,Active,63624 | ICE GREY | Size:ONE SIZE,63624 | ICE GREY | Size:ONE SIZE | Leather Twin Zip Quilted Crossbody Bag Ice Grey: 63624,Ashwood,N/A,https://www.leathercompany.co.uk/ladies-c3/leather-handbags-c10/leather-twin-zip-quilted-crossbody-bag-ice-grey-63624-p7873,N/A,0004932500,06/09/2023 08:27:11
5061027911842,Active,63858 | BLACK | Size:ONE SIZE,63858 | BLACK | Size:ONE SIZE | Real Leather Flapover Quilted Bag Black: 63858,Ashwood,N/A,https://www.leathercompany.co.uk/ladies-c3/leather-handbags-c10/real-leather-flapover-quilted-bag-black-63858-p7892,N/A,0004932600,06/09/2023 08:28:07
5061027911859,Active,63858 | cotwold navy | Size:ONE SIZE,63858 | cotwold navy | Size:ONE SIZE | Real Leather Flapover Quilted Bag Cotswold Navy: 63858,Ashwood,N/A,https://www.leathercompany.co.uk/ladies-c3/leather-handbags-c10/real-leather-flapover-quilted-bag-cotswold-navy-63858-p7893,N/A,0004932700,06/09/2023 08:28:43
5061027911866,Active,63858 | ICE GREY | Size:ONE SIZE,63858 | ICE GREY | Size:ONE SIZE | Real Leather Flapover Quilted Bag Ice Grey: 63858,Ashwood,N/A,https://www.leathercompany.co.uk/ladies-c3/leather-handbags-c10/real-leather-flapover-quilted-bag-ice-grey-63858-p7894,N/A,0004932800,06/09/2023 08:29:22
5061027911897,Active,64033 | 2 tone tan | Size:ONE SIZE,64033 | 2 tone tan | Size:ONE SIZE | Ashwood Leather Crossbody Bag 2 Tone Tan: 64033,Ashwood,N/A,https://www.leathercompany.co.uk/ladies-c3/leather-handbags-c10/ashwood-leather-crossbody-bag-2-tone-tan-64033-p7902,N/A,0004932900,06/09/2023 08:32:23
5061027911880,Active,64033 | cotwold navy | Size:ONE SIZE,64033 | cotwold navy | Size:ONE SIZE | Ashwood Leather Crossbody Bag Cotswold Navy: 64033,Ashwood,N/A,https://www.leathercompany.co.uk/ladies-c3/leather-handbags-c10/ashwood-leather-crossbody-bag-cotswold-navy-64033-p7903,N/A,0004933000,06/09/2023 08:31:20
5061027911910,Active,64033 | deep lake | Size:ONE SIZE,64033 | deep lake | Size:ONE SIZE | Ashwood Leather Crossbody Bag Deep Lake: 64033,Ashwood,N/A,https://www.leathercompany.co.uk/ladies-c3/leather-handbags-c10/ashwood-leather-crossbody-bag-deep-lake-64033-p7904,N/A,0004933100,06/09/2023 08:34:12
5061027911934,Active,64033 | ICE GREY | Size:ONE SIZE,64033 | ICE GREY | Size:ONE SIZE | Ashwood Leather Crossbody Bag Natural: 64033,Ashwood,N/A,https://www.leathercompany.co.uk/ladies-c3/leather-handbags-c10/ashwood-leather-crossbody-bag-natural-64033-p7905,N/A,0004933200,06/09/2023 08:35:49
5061027911965,Active,64033 | light wine | Size:ONE SIZE,64033 | light wine | Size:ONE SIZE | Ashwood Leather Crossbody Bag Light Wine: 64033,Ashwood,N/A,https://www.leathercompany.co.uk/ladies-c3/leather-handbags-c10/ashwood-leather-crossbody-bag-light-wine-64033-p7906,N/A,0004933300,06/09/2023 08:37:27
5061027911972,Active,64033 | ochre yellow | Size:ONE SIZE,64033 | ochre yellow | Size:ONE SIZE | Ashwood Leather Crossbody Bag Ochre Yellow: 64033,Ashwood,N/A,https://www.leathercompany.co.uk/ladies-c3/leather-handbags-c10/ashwood-leather-crossbody-bag-ochre-yellow-64033-p7907,N/A,0004933400,06/09/2023 08:37:56
5061027911903,Active,64033 | parafin | Size:ONE SIZE,64033 | parafin | Size:ONE SIZE | Ashwood Leather Crossbody Bag Mushroom: 64033,Ashwood,N/A,https://www.leathercompany.co.uk/ladies-c3/leather-handbags-c10/ashwood-leather-crossbody-bag-mushroom-64033-p7908,N/A,0004933500,06/09/2023 08:33:25
5061027911958,Active,64033 | rasberry sorbet | Size:ONE SIZE,64033 | rasberry sorbet | Size:ONE SIZE | Ashwood Leather Crossbody Bag Rasberry Sorbet: 64033,Ashwood,N/A,https://www.leathercompany.co.uk/ladies-c3/leather-handbags-c10/ashwood-leather-crossbody-bag-rasberry-sorbet-64033-p7909,N/A,0004933600,06/09/2023 08:36:58
5061027911927,Active,64033 | ROSE | Size:ONE SIZE,64033 | ROSE | Size:ONE SIZE | Ashwood Leather Crossbody Bag Rose: 64033,Ashwood,N/A,https://www.leathercompany.co.uk/ladies-c3/leather-handbags-c10/ashwood-leather-crossbody-bag-rose-64033-p7910,N/A,0004933700,06/09/2023 08:35:17
5061027911941,Active,64033 | sodalite blue | Size:ONE SIZE,64033 | sodalite blue | Size:ONE SIZE | Ashwood Leather Crossbody Bag Sodalite Blue: 64033,Ashwood,N/A,https://www.leathercompany.co.uk/ladies-c3/leather-handbags-c10/ashwood-leather-crossbody-bag-sodalite-blue-64033-p7911,N/A,0004933800,06/09/2023 08:36:24
5061027911514,Active,63753 | BLACK | Size:ONE SIZE,63753 | BLACK | Size:ONE SIZE | Real Leather Saddle Crossbody Bag Black: 63753,Ashwood,N/A,https://www.leathercompany.co.uk/ladies-c3/leather-handbags-c10/real-leather-saddle-crossbody-bag-black-63753-p7875,N/A,0004933900,06/09/2023 07:46:02
5061027911521,Active,63753 | 2 tone tan | Size:ONE SIZE,63753 | 2 tone tan | Size:ONE SIZE | Real Leather Saddle Crossbody Bag 2 Tone Tan: 63753,Ashwood,N/A,https://www.leathercompany.co.uk/ladies-c3/leather-handbags-c10/real-leather-saddle-crossbody-bag-2-tone-tan-63753-p7874,N/A,0004934000,06/09/2023 07:46:30
5061027911545,Active,63753 | deep lake | Size:ONE SIZE,63753 | deep lake | Size:ONE SIZE | Real Leather Saddle Crossbody Bag Deep Lake: 63753,Ashwood,N/A,https://www.leathercompany.co.uk/ladies-c3/leather-handbags-c10/real-leather-saddle-crossbody-bag-deep-lake-63753-p7876,N/A,0004934100,06/09/2023 07:47:33
5061027911569,Active,63753 | MANDARIN | Size:ONE SIZE,63753 | MANDARIN | Size:ONE SIZE | Real Leather Saddle Crossbody Bag Mandarin: 63753,Ashwood,N/A,https://www.leathercompany.co.uk/ladies-c3/leather-handbags-c10/real-leather-saddle-crossbody-bag-mandarin-63753-p7877,N/A,0004934200,06/09/2023 07:48:30
5061027911590,Active,63753 | ochre yellow | Size:ONE SIZE,63753 | ochre yellow | Size:ONE SIZE | Real Leather Saddle Crossbody Bag Ochre Yellow: 63753,Ashwood,N/A,https://www.leathercompany.co.uk/ladies-c3/leather-handbags-c10/real-leather-saddle-crossbody-bag-ochre-yellow-63753-p7878,N/A,0004934300,06/09/2023 07:50:40
5061027911538,Active,63753 | parafin | Size:ONE SIZE,63753 | parafin | Size:ONE SIZE | Real Leather Saddle Crossbody Bag Parafin: 63753,Ashwood,N/A,https://www.leathercompany.co.uk/ladies-c3/leather-handbags-c10/real-leather-saddle-crossbody-bag-parafin-63753-p7879,N/A,0004934400,06/09/2023 07:47:07
5061027911583,Active,63753 | rasberry sorbet | Size:ONE SIZE,63753 | rasberry sorbet | Size:ONE SIZE | Real Leather Saddle Crossbody Bag Raspberry Sorbet: 63753,Ashwood,N/A,https://www.leathercompany.co.uk/ladies-c3/leather-handbags-c10/real-leather-saddle-crossbody-bag-raspberry-sorbet-63753-p7880,N/A,0004934500,06/09/2023 07:49:59
5061027911552,Active,63753 | ROSE | Size:ONE SIZE,63753 | ROSE | Size:ONE SIZE | Real Leather Saddle Crossbody Bag Rose: 63753,Ashwood,N/A,https://www.leathercompany.co.uk/ladies-c3/leather-handbags-c10/real-leather-saddle-crossbody-bag-rose-63753-p7881,N/A,0004934600,06/09/2023 07:48:00
5061027911576,Active,63753 | sodalite blue | Size:ONE SIZE,63753 | sodalite blue | Size:ONE SIZE | Real Leather Saddle Crossbody Bag Sodalite Blue: 63753,Ashwood,N/A,https://www.leathercompany.co.uk/ladies-c3/leather-handbags-c10/real-leather-saddle-crossbody-bag-sodalite-blue-63753-p7882,N/A,0004934700,06/09/2023 07:49:05
5061027916106,Active,awl-n30 | BLACK | Size:8,awl-n30 | BLACK | Size:8 | Ladies Leather  Biker Jacket Black: AWL-N30,Ashwood,N/A,https://www.leathercompany.co.uk/ladies-c3/leather-jackets-c9/biker-styles-c78/ladies-leather-biker-jacket-black-awl-n30-p7973,N/A,0004949501,24/11/2023 16:05:31
5061027916113,Active,awl-n30 | BLACK | Size:10,awl-n30 | BLACK | Size:10 | Ladies Leather  Biker Jacket Black: AWL-N30,Ashwood,N/A,https://www.leathercompany.co.uk/ladies-c3/leather-jackets-c9/biker-styles-c78/ladies-leather-biker-jacket-black-awl-n30-p7973,N/A,0004949502,24/11/2023 16:05:10
5061027916120,Active,awl-n30 | BLACK | Size:12,awl-n30 | BLACK | Size:12 | Ladies Leather  Biker Jacket Black: AWL-N30,Ashwood,N/A,https://www.leathercompany.co.uk/ladies-c3/leather-jackets-c9/biker-styles-c78/ladies-leather-biker-jacket-black-awl-n30-p7973,N/A,0004949503,24/11/2023 16:22:12
5061027916137,Active,awl-n30 | BLACK | Size:14,awl-n30 | BLACK | Size:14 | Ladies Leather  Biker Jacket Black: AWL-N30,Ashwood,N/A,https://www.leathercompany.co.uk/ladies-c3/leather-jackets-c9/biker-styles-c78/ladies-leather-biker-jacket-black-awl-n30-p7973,N/A,0004949504,24/11/2023 16:06:49
5061027916144,Active,awl-n30 | BLACK | Size:16,awl-n30 | BLACK | Size:16 | Ladies Leather  Biker Jacket Black: AWL-N30,Ashwood,N/A,https://www.leathercompany.co.uk/ladies-c3/leather-jackets-c9/biker-styles-c78/ladies-leather-biker-jacket-black-awl-n30-p7973,N/A,0004949505,24/11/2023 16:07:48
5061027916151,Active,awl-n30 | BLACK | Size:18,awl-n30 | BLACK | Size:18 | Ladies Leather  Biker Jacket Black: AWL-N30,Ashwood,N/A,https://www.leathercompany.co.uk/ladies-c3/leather-jackets-c9/biker-styles-c78/ladies-leather-biker-jacket-black-awl-n30-p7973,N/A,0004949506,24/11/2023 16:08:41
5061027916168,Active,awl-n30 | BLACK | Size:20,awl-n30 | BLACK | Size:20 | Ladies Leather  Biker Jacket Black: AWL-N30,Ashwood,N/A,https://www.leathercompany.co.uk/ladies-c3/leather-jackets-c9/biker-styles-c78/ladies-leather-biker-jacket-black-awl-n30-p7973,N/A,0004949507,24/11/2023 16:09:31
5061027916175,Active,awl-n30 | BLACK | Size:22,awl-n30 | BLACK | Size:22 | Ladies Leather  Biker Jacket Black: AWL-N30,Ashwood,N/A,https://www.leathercompany.co.uk/ladies-c3/leather-jackets-c9/biker-styles-c78/ladies-leather-biker-jacket-black-awl-n30-p7973,N/A,0004949508,24/11/2023 16:10:28
5061027916182,Active,awl-n30 | BLACK | Size:24,awl-n30 | BLACK | Size:24 | Ladies Leather  Biker Jacket Black: AWL-N30,Ashwood,N/A,https://www.leathercompany.co.uk/ladies-c3/leather-jackets-c9/biker-styles-c78/ladies-leather-biker-jacket-black-awl-n30-p7973,N/A,0004949509,24/11/2023 16:11:25
5061027916830,Active,awl-n30 | TAN | Size:8,awl-n30 | TAN | Size:8 | Ladies Leather  Biker Jacket Tan: AWL-N30,Ashwood,N/A,https://www.leathercompany.co.uk/ladies-c3/leather-jackets-c9/biker-styles-c78/ladies-leather-biker-jacket-tan-awl-n30-p7974,N/A,0004950701,28/11/2023 15:14:01
5061027916847,Active,awl-n30 | TAN | Size:10,awl-n30 | TAN | Size:10 | Ladies Leather  Biker Jacket Tan: AWL-N30,Ashwood,N/A,https://www.leathercompany.co.uk/ladies-c3/leather-jackets-c9/biker-styles-c78/ladies-leather-biker-jacket-tan-awl-n30-p7974,N/A,0004950702,28/11/2023 15:14:46
5061027916854,Active,awl-n30 | TAN | Size:12,awl-n30 | TAN | Size:12 | Ladies Leather  Biker Jacket Tan: AWL-N30,Ashwood,N/A,https://www.leathercompany.co.uk/ladies-c3/leather-jackets-c9/biker-styles-c78/ladies-leather-biker-jacket-tan-awl-n30-p7974,N/A,0004950703,28/11/2023 15:15:27
5061027915246,Active,ladies elena | BROWN | Size:3/4,ladies elena | BROWN | Size:3/4 | Fenland Real Sheepskin Wool Mule Slippers Brown: Elena,Ashwood,N/A,https://www.leathercompany.co.uk/ladies-c3/footwear-c21/fenland-real-sheepskin-wool-mule-slippers-brown-elena-p8011,N/A,0004956900,10/11/2023 15:21:01
5061027915253,Active,ladies elena | BROWN | Size:5/6,ladies elena | BROWN | Size:5/6 | Fenland Real Sheepskin Wool Mule Slippers Brown: Elena,Ashwood,N/A,https://www.leathercompany.co.uk/ladies-c3/footwear-c21/fenland-real-sheepskin-wool-mule-slippers-brown-elena-p8011,N/A,0004956901,10/11/2023 15:21:52
5061027915260,Active,ladies elena | BROWN | Size:7/8,ladies elena | BROWN | Size:7/8 | Fenland Real Sheepskin Wool Mule Slippers Brown: Elena,Ashwood,N/A,https://www.leathercompany.co.uk/ladies-c3/footwear-c21/fenland-real-sheepskin-wool-mule-slippers-brown-elena-p8011,N/A,0004956902,10/11/2023 15:23:01
5061027915277,Active,ladies elena | CHESTNUT | Size:3/4,ladies elena | CHESTNUT | Size:3/4 | Fenland Real Sheepskin Wool Mule Slippers Chestnut: Elena,Ashwood,N/A,https://www.leathercompany.co.uk/ladies-c3/footwear-c21/fenland-real-sheepskin-wool-mule-slippers-chestnut-elena-p8012,N/A,0004957400,10/11/2023 15:31:36
5061027915284,Active,ladies elena | CHESTNUT | Size:5/6,ladies elena | CHESTNUT | Size:5/6 | Fenland Real Sheepskin Wool Mule Slippers Chestnut: Elena,Ashwood,N/A,https://www.leathercompany.co.uk/ladies-c3/footwear-c21/fenland-real-sheepskin-wool-mule-slippers-chestnut-elena-p8012,N/A,0004957401,10/11/2023 15:32:24
5061027915291,Active,ladies elena | CHESTNUT | Size:7/8,ladies elena | CHESTNUT | Size:7/8 | Fenland Real Sheepskin Wool Mule Slippers Chestnut: Elena,Ashwood,N/A,https://www.leathercompany.co.uk/ladies-c3/footwear-c21/fenland-real-sheepskin-wool-mule-slippers-chestnut-elena-p8012,N/A,0004957402,10/11/2023 15:33:11
5061027915307,Active,ladies elena | GREY | Size:3/4,ladies elena | GREY | Size:3/4 | Fenland Real Sheepskin Wool Mule Slippers Grey: Elena,Ashwood,N/A,https://www.leathercompany.co.uk/ladies-c3/footwear-c21/fenland-real-sheepskin-wool-mule-slippers-grey-elena-p8013,N/A,0004957900,10/11/2023 15:34:12
5061027915314,Active,ladies elena | GREY | Size:5/6,ladies elena | GREY | Size:5/6 | Fenland Real Sheepskin Wool Mule Slippers Grey: Elena,Ashwood,N/A,https://www.leathercompany.co.uk/ladies-c3/footwear-c21/fenland-real-sheepskin-wool-mule-slippers-grey-elena-p8013,N/A,0004957901,10/11/2023 15:34:50
5061027915321,Active,ladies elena | GREY | Size:7/8,ladies elena | GREY | Size:7/8 | Fenland Real Sheepskin Wool Mule Slippers Grey: Elena,Ashwood,N/A,https://www.leathercompany.co.uk/ladies-c3/footwear-c21/fenland-real-sheepskin-wool-mule-slippers-grey-elena-p8013,N/A,0004957902,10/11/2023 15:35:29
5061027915338,Active,ladies elena | TAN | Size:3/4,ladies elena | TAN | Size:3/4 | Fenland Real Sheepskin Wool Mule Slippers Tan: Elena,Ashwood,N/A,https://www.leathercompany.co.uk/ladies-c3/footwear-c21/fenland-real-sheepskin-wool-mule-slippers-tan-elena-p8014,N/A,0004958400,10/11/2023 15:36:37
5061027915345,Active,ladies elena | TAN | Size:5/6,ladies elena | TAN | Size:5/6 | Fenland Real Sheepskin Wool Mule Slippers Tan: Elena,Ashwood,N/A,https://www.leathercompany.co.uk/ladies-c3/footwear-c21/fenland-real-sheepskin-wool-mule-slippers-tan-elena-p8014,N/A,0004958401,10/11/2023 15:37:15
5061027915352,Active,ladies elena | TAN | Size:7/8,ladies elena | TAN | Size:7/8 | Fenland Real Sheepskin Wool Mule Slippers Tan: Elena,Ashwood,N/A,https://www.leathercompany.co.uk/ladies-c3/footwear-c21/fenland-real-sheepskin-wool-mule-slippers-tan-elena-p8014,N/A,0004958402,10/11/2023 15:38:23
5061027910425,Active,Malvern | MUD/BROWN | Size:ONE SIZE,Malvern | MUD/BROWN | Size:ONE SIZE | Vintage Elegance Leather Handbag Mud/brown: Malvern,Ashwood,N/A,https://www.leathercompany.co.uk/ladies-c3/leather-handbags-c10/vintage-elegance-leather-handbag-mud-brown-malvern-p8785,N/A,0005072100,22/08/2023 12:24:00
5061027910432,Active,Cheltenham | MUD/BROWN | Size:ONE SIZE,Cheltenham | MUD/BROWN | Size:ONE SIZE | Rustic Charm Leather Handbag Mud/brown: Cheltenham,Ashwood,N/A,https://www.leathercompany.co.uk/ladies-c3/leather-handbags-c10/rustic-charm-leather-handbag-mud-brown-cheltenham-p8782,N/A,0005072200,22/08/2023 12:24:33
5061027910449,Active,worcester | MUD/BROWN | Size:ONE SIZE,worcester | MUD/BROWN | Size:ONE SIZE | Vintage Equestrian Leather Handbag Mud/brown: worcester,Ashwood,N/A,https://www.leathercompany.co.uk/ladies-c3/leather-handbags-c10/vintage-equestrian-leather-handbag-mud-brown-worcester-p8787,N/A,0005072300,22/08/2023 12:25:00
5061027910456,Active,kidderminster | MUD/BROWN | Size:ONE SIZE,kidderminster | MUD/BROWN | Size:ONE SIZE | Vintage Satchel Leather Handbag Mud/brown: Kidderminster,Ashwood,N/A,https://www.leathercompany.co.uk/ladies-c3/leather-handbags-c10/vintage-satchel-leather-handbag-mud-brown-kidderminster-p8784,N/A,0005072400,22/08/2023 12:26:06
5061027910463,Active,Tenbury | MUD/BROWN | Size:ONE SIZE,Tenbury | MUD/BROWN | Size:ONE SIZE | Ashwood Vintage Leather Backpack Mud/brown: Tenbury,Ashwood,N/A,https://www.leathercompany.co.uk/ladies-c3/leather-handbags-c10/ashwood-vintage-leather-backpack-mud-brown-tenbury-p8786,N/A,0005072500,22/08/2023 12:26:41
5061027910470,Active,gloucester | MUD/BROWN | Size:ONE SIZE,gloucester | MUD/BROWN | Size:ONE SIZE | Ashwood Esquire Vintage Leather Handbag Mud/brown: Gloucester,Ashwood,N/A,https://www.leathercompany.co.uk/ladies-c3/ashwood-esquire-vintage-leather-handbag-mud-brown-gloucester-p8783,N/A,0005072600,22/08/2023 12:27:08
5061027910487,Active,bewdley | MUD/BROWN | Size:ONE SIZE,bewdley | MUD/BROWN | Size:ONE SIZE | Vintage Ashwood Leather Handbag Mud/brown: Bewdley,Ashwood,N/A,https://www.leathercompany.co.uk/ladies-c3/leather-handbags-c10/vintage-ashwood-leather-handbag-mud-brown-bewdley-p8788,N/A,0005072700,22/08/2023 12:28:10
5061027910494,Active,ELA 698 | MUD/BROWN | Size:ONE SIZE,ELA 698 | MUD/BROWN | Size:ONE SIZE | Classic Leather Crossbody Bag Mud/brown: ELA 698,Ashwood,N/A,https://www.leathercompany.co.uk/ladies-c3/leather-handbags-c10/classic-leather-crossbody-bag-mud-brown-ela-698-p8794,N/A,0005072800,22/08/2023 12:28:45
5061027914539,Active,ELA 1494 | MUD/BROWN | Size:ONE SIZE,ELA 1494 | MUD/BROWN | Size:ONE SIZE | Esquire Vintage Leather Crossbody Bag Mud/brown: ELA 1494,Ashwood,N/A,https://www.leathercompany.co.uk/ladies-c3/leather-handbags-c10/esquire-vintage-leather-crossbody-bag-mud-brown-ela-1494-p8789,N/A,0005072900,18/10/2023 11:46:47
5061027914546,Active,ELA 1495 | MUD/BROWN | Size:ONE SIZE,ELA 1495 | MUD/BROWN | Size:ONE SIZE | Womens  Flap Over Leather Cross Body Bag Mud/brown: Ela 1495,Ashwood,N/A,https://www.leathercompany.co.uk/ladies-c3/leather-handbags-c10/womens-flap-over-leather-cross-body-bag-mud-brown-ela-1495-p8790,N/A,0005073000,18/10/2023 11:48:59
5061027914553,Active,ELA 1496 | MUD/BROWN | Size:ONE SIZE,ELA 1496 | MUD/BROWN | Size:ONE SIZE | Ashwood Tab Crossbody Bag Mud/brown: ELA 1496,Ashwood,N/A,https://www.leathercompany.co.uk/ladies-c3/leather-handbags-c10/ashwood-tab-crossbody-bag-mud-brown-ela-1496-p8791,N/A,0005073100,18/10/2023 11:49:28
5061027914560,Active,ELA 1497 | MUD/BROWN | Size:ONE SIZE,ELA 1497 | MUD/BROWN | Size:ONE SIZE | Ashwood Genuine Leather Crossbody Bag Mud/brown: ELA 1497,Ashwood,N/A,https://www.leathercompany.co.uk/ladies-c3/leather-handbags-c10/ashwood-genuine-leather-crossbody-bag-mud-brown-ela-1497-p8792,N/A,0005073200,18/10/2023 11:50:01
5061027914577,Active,ELA 2770 | MUD/BROWN | Size:ONE SIZE,ELA 2770 | MUD/BROWN | Size:ONE SIZE | Ashwood Bronco Flap Over Crossbody Bag Mud/brown: ELA 2770,Ashwood,N/A,https://www.leathercompany.co.uk/ladies-c3/leather-handbags-c10/ashwood-bronco-flap-over-crossbody-bag-mud-brown-ela-2770-p8793,N/A,0005073300,18/10/2023 11:50:44
5061027914584,Active,matilda | MUD/BROWN | Size:ONE SIZE,matilda | MUD/BROWN | Size:ONE SIZE | Ashwood Leather Vintage Purse Mud/brown: Matilda,Ashwood,N/A,https://www.leathercompany.co.uk/ladies-c3/accessories-c24/ashwood-leather-vintage-purse-mud-brown-matilda-p8796,N/A,0005073400,18/10/2023 12:41:14
5061027914591,Active,sally | MUD/BROWN | Size:ONE SIZE,sally | MUD/BROWN | Size:ONE SIZE | Ladies Equestrian Zippered Leather Purse Mud/brown: sally,Ashwood,N/A,https://www.leathercompany.co.uk/gift-accessories-c8/purses-c36/ladies-equestrian-zippered-leather-purse-mud-brown-sally-p8797,N/A,0005073500,18/10/2023 12:41:40
5061027914607,Active,lucy | MUD/BROWN | Size:ONE SIZE,lucy | MUD/BROWN | Size:ONE SIZE | Ashwood Vintage Small Purse Mud/brown: Lucy,Ashwood,N/A,https://www.leathercompany.co.uk/gift-accessories-c8/purses-c36/ashwood-vintage-small-purse-mud-brown-lucy-p8795,N/A,0005073600,18/10/2023 12:42:40
